date,open_price,high_price,low_price,close_price,last_price,prev_close,avg_price,ttl_trd_qnty,turnover_lacs,no_of_trades,deliv_qty,deliv_per
2020-01-01,1750.1,1799.0,1750.1,1782.1,1774.5,1750.5,1785.78,96053,1715.29,9530,40993,42.68
2020-01-02,1786.9,1828.0,1782.5,1821.55,1822.9,1782.1,1816.34,136403,2477.54,13369,85238,62.49
2020-01-03,1821.45,1839.0,1791.25,1812.55,1815.05,1821.55,1816.83,103417,1878.91,9558,57623,55.72
2020-01-06,1802.0,1825.0,1778.0,1819.45,1820.0,1812.55,1814.82,121078,2197.34,9958,79049,65.29
2020-01-07,1816.0,1839.9,1805.8,1833.1,1832.35,1819.45,1820.1,320013,5824.57,9277,285854,89.33
2020-01-08,1827.0,1864.0,1801.0,1809.3,1805.0,1833.1,1822.29,104102,1897.04,15066,49479,47.53
2020-01-09,1795.9,1835.65,1795.9,1816.6,1810.0,1809.3,1818.25,90617,1647.65,14553,61204,67.54
2020-01-10,1821.5,1829.95,1801.0,1820.4,1816.1,1816.6,1818.16,83728,1522.31,8689,54353,64.92
2020-01-13,1830.0,1832.4,1815.05,1826.95,1822.2,1820.4,1824.66,40504,739.06,3668,24426,60.31
2020-01-14,1830.0,1894.0,1822.05,1877.95,1878.0,1826.95,1867.87,196390,3668.31,13056,98337,50.07
2020-01-15,1889.0,2003.0,1885.0,1933.6,1925.0,1877.95,1936.96,1110275,21505.58,56853,362313,32.63
2020-01-16,1945.0,1957.5,1887.05,1901.6,1897.0,1933.6,1914.17,377999,7235.55,24447,176511,46.7
2020-01-17,1905.0,1918.0,1882.7,1902.35,1895.0,1901.6,1898.87,133212,2529.52,13703,79399,59.6
2020-01-20,1921.0,1921.0,1875.05,1895.9,1895.0,1902.35,1898.3,90779,1723.25,11186,52214,57.52
2020-01-21,1897.0,1920.0,1895.1,1908.75,1907.0,1895.9,1911.94,104946,2006.51,7099,70864,67.52
2020-01-22,1915.0,1928.0,1902.0,1924.15,1926.0,1908.75,1917.2,142099,2724.32,8696,114154,80.33
2020-01-23,1919.0,1940.0,1919.0,1935.35,1929.2,1924.15,1927.69,167063,3220.46,13095,123353,73.84
2020-01-24,1925.0,1975.0,1922.0,1960.8,1973.0,1935.35,1948.81,122603,2389.3,14334,71672,58.46
2020-01-27,1950.0,1968.5,1940.0,1948.05,1946.0,1960.8,1957.48,75736,1482.52,9487,45021,59.44
2020-01-28,1949.9,1958.9,1924.3,1948.1,1954.0,1948.05,1949.25,45498,886.87,6912,29415,64.65
2020-01-29,1955.0,1965.0,1942.3,1958.4,1951.0,1948.1,1951.21,57942,1130.57,6914,40482,69.87
2020-01-30,1952.0,1965.0,1945.0,1949.8,1951.0,1958.4,1953.81,66300,1295.37,7466,50799,76.62
2020-01-31,1951.0,1954.85,1914.0,1940.25,1935.0,1949.8,1940.27,36496,708.12,7149,18882,51.74
2020-02-01,1940.0,1984.0,1910.05,1972.9,1972.6,1940.25,1955.3,84917,1660.38,5193,54073,63.68
2020-02-03,1970.0,1986.0,1920.65,1956.25,1949.0,1972.9,1965.43,111165,2184.86,17936,66811,60.1
2020-02-04,1960.9,1974.0,1925.0,1940.65,1958.0,1956.25,1957.28,69255,1355.51,9564,44865,64.78
2020-02-05,1949.95,1960.5,1919.2,1924.7,1920.7,1940.65,1939.06,101884,1975.59,7218,85922,84.33
2020-02-06,1927.0,1949.35,1901.0,1913.85,1913.85,1924.7,1922.34,270273,5195.56,11897,226758,83.9
2020-02-07,1915.0,1960.0,1915.0,1944.65,1948.0,1913.85,1944.52,113586,2208.7,10499,65605,57.76
2020-02-10,1954.0,1969.8,1938.65,1950.2,1945.0,1944.65,1952.79,81940,1600.12,7871,51694,63.09
2020-02-11,1964.4,2008.9,1927.0,1996.45,1995.0,1950.2,1986.56,201195,3996.86,9717,108303,53.83
2020-02-12,2004.9,2045.0,1999.35,2018.8,2018.5,1996.45,2027.92,254798,5167.11,22395,148116,58.13
2020-02-13,2024.8,2050.0,1988.0,2020.3,2020.0,2018.8,2022.73,149499,3023.95,13068,77176,51.62
2020-02-14,2037.8,2048.0,2020.1,2032.5,2030.0,2020.3,2035.59,96950,1973.5,9159,51219,52.83
2020-02-17,2030.0,2039.95,1985.0,1990.8,1990.5,2032.5,2007.09,87972,1765.68,12773,60196,68.43
2020-02-18,1997.0,2025.0,1935.0,1962.6,1940.0,1990.8,1973.74,91588,1807.71,10644,47999,52.41
2020-02-19,1974.0,1989.7,1951.1,1965.9,1971.75,1962.6,1967.95,55627,1094.71,8920,31400,56.45
2020-02-20,1966.05,2010.0,1963.25,2005.95,2002.3,1965.9,1994.55,71624,1428.58,7910,38721,54.06
2020-02-24,2010.0,2020.0,1982.8,1999.25,1998.15,2005.95,2001.38,77015,1541.36,7014,51163,66.43
2020-02-25,1992.15,2012.0,1985.0,1997.55,1992.0,1999.25,1995.52,51801,1033.7,5994,33104,63.91
2020-02-26,1990.05,2004.0,1970.0,1998.4,1999.0,1997.55,1993.11,61515,1226.06,10641,39091,63.55
2020-02-27,1997.9,1997.9,1963.85,1986.2,1984.0,1998.4,1980.28,37212,736.9,4419,25271,67.91
2020-02-28,1933.0,1969.95,1852.4,1910.15,1914.75,1986.2,1904.51,180561,3438.81,40644,121258,67.16
2020-03-02,1901.05,1947.0,1877.1,1906.75,1938.7,1910.15,1929.42,108079,2085.3,22529,81119,75.06
2020-03-03,1938.0,1985.0,1926.05,1961.1,1962.0,1906.75,1961.62,82575,1619.81,15878,57078,69.12
2020-03-04,1966.0,1972.95,1873.85,1897.65,1890.8,1961.1,1909.69,67995,1298.5,13988,35389,52.05
2020-03-05,1896.0,1919.0,1880.0,1892.2,1882.0,1897.65,1896.89,43705,829.03,9420,26201,59.95
2020-03-06,1860.0,1934.95,1846.0,1897.5,1912.0,1892.2,1899.19,91570,1739.09,8488,55147,60.22
2020-03-09,1885.0,1890.0,1850.15,1870.85,1875.0,1897.5,1872.61,164511,3080.64,16617,132051,80.27
2020-03-11,1870.75,1900.0,1712.25,1772.4,1775.4,1870.85,1781.17,145955,2599.7,20962,81421,55.79
2020-03-12,1682.25,1705.0,1550.0,1610.4,1603.05,1772.4,1624.59,198483,3224.54,27356,115155,58.02
2020-03-13,1499.0,1900.3,1355.0,1620.35,1612.0,1610.4,1556.59,234804,3654.93,23042,134944,57.47
2020-03-16,1588.0,1588.0,1494.0,1527.3,1515.0,1620.35,1529.09,168799,2581.08,45387,96578,57.21
2020-03-17,1515.0,1524.35,1425.0,1490.65,1480.0,1527.3,1488.81,163058,2427.62,29644,83043,50.93
2020-03-18,1505.5,1560.0,1360.0,1376.45,1380.0,1490.65,1428.08,216457,3091.17,39203,131764,60.87
2020-03-19,1326.0,1414.0,1210.0,1362.0,1384.1,1376.45,1288.86,226828,2923.51,35761,106936,47.14
2020-03-20,1350.0,1600.0,1311.7,1511.45,1520.0,1362.0,1451.11,275061,3991.45,48841,155611,56.57
2020-03-23,1240.0,1490.0,1228.0,1293.1,1292.0,1511.45,1312.07,116594,1529.79,17461,71091,60.97
2020-03-24,1330.0,1405.0,1273.15,1386.6,1388.15,1293.1,1355.16,83425,1130.55,9455,44337,53.15
2020-03-25,1382.0,1440.0,1302.5,1421.8,1425.0,1386.6,1362.06,151453,2062.88,20540,81891,54.07
2020-03-26,1440.0,1510.0,1375.0,1428.25,1475.0,1421.8,1418.38,147627,2093.92,22967,71247,48.26
2020-03-27,1440.0,1479.0,1380.0,1393.85,1383.0,1428.25,1415.14,78304,1108.11,13111,36544,46.67
2020-03-30,1365.8,1399.05,1340.1,1343.95,1345.0,1393.85,1365.72,90379,1234.32,17699,56771,62.81
2020-03-31,1360.0,1469.0,1346.1,1428.85,1445.0,1343.95,1392.63,71659,997.94,10929,43048,60.07
2020-04-01,1446.0,1490.0,1380.0,1392.25,1382.2,1428.85,1440.51,126718,1825.39,19322,56853,44.87
2020-04-03,1380.0,1392.25,1345.0,1354.15,1346.0,1392.25,1362.4,76517,1042.47,16448,41057,53.66
2020-04-07,1395.0,1395.0,1355.0,1367.15,1358.0,1354.15,1367.26,88451,1209.36,15609,44092,49.85
2020-04-08,1360.0,1377.25,1335.55,1355.5,1356.0,1367.15,1357.72,92221,1252.11,20040,38892,42.17
2020-04-09,1377.0,1445.0,1365.05,1398.65,1389.25,1355.5,1417.17,247088,3501.65,28781,108915,44.08
2020-04-13,1413.0,1424.95,1393.55,1399.25,1400.0,1398.65,1405.28,110210,1548.76,21942,54193,57.9
2020-04-15,1413.95,1489.1,1404.35,1470.5,1465.0,1399.25,1457.56,146529,2135.75,27981,76187,51.99
2020-04-16,1446.05,1524.5,1431.65,1467.85,1465.1,1470.5,1479.9,164504,2434.5,13886,112789,68.56
2020-04-17,1510.1,1510.1,1435.0,1444.7,1448.9,1467.85,1460.64,131889,1926.42,14592,90508,68.62
2020-04-20,1474.95,1510.0,1461.8,1492.1,1495.0,1444.7,1493.05,275764,4117.3,10614,236669,85.82
2020-04-21,1450.0,1488.8,1435.35,1449.9,1448.7,1492.1,1463.14,147847,2163.21,12481,115095,77.85
2020-04-22,1448.0,1448.0,1385.05,1418.45,1418.0,1449.9,1414.21,151232,2138.74,21088,102369,67.69
2020-04-23,1430.0,1472.0,1420.0,1459.15,1455.0,1418.45,1452.15,122755,1782.59,15598,73181,59.62
2020-04-24,1455.0,1470.0,1421.55,1433.8,1438.8,1459.15,1447.1,151941,2198.73,10282,119655,78.75
2020-04-27,1452.25,1470.0,1421.35,1450.65,1458.0,1433.8,1437.14,447191,6426.76,10260,403494,90.23
2020-04-28,1463.85,1471.95,1445.0,1465.85,1465.0,1450.65,1458.64,51626,753.04,9427,22780,44.13
2020-04-29,1479.65,1493.0,1445.2,1465.05,1460.0,1465.85,1470.52,101143,1487.33,5843,68210,67.44
2020-04-30,1488.0,1650.0,1480.0,1592.95,1599.0,1465.05,1532.86,236847,3630.53,29459,130430,55.07
2020-05-04,1570.0,1570.0,1503.25,1545.35,1550.0,1592.95,1540.71,78506,1209.55,16277,41245,52.54
2020-05-05,1552.2,1588.5,1525.0,1535.4,1538.0,1545.35,1544.85,137671,2126.81,14689,89159,64.76
2020-05-06,1535.4,1567.45,1510.05,1536.1,1530.0,1535.4,1537.66,148484,2283.17,13365,107120,72.14
2020-05-07,1536.1,1601.0,1535.9,1593.25,1592.95,1536.1,1575.0,73425,1156.44,8872,27933,38.04
2020-05-08,1605.25,1614.0,1570.1,1584.65,1582.0,1593.25,1588.24,84477,1341.7,10728,42803,50.67
2020-05-11,1600.0,1674.7,1595.75,1614.2,1606.0,1584.65,1637.31,115873,1897.2,20252,39345,33.96
2020-05-12,1614.0,1655.0,1590.8,1648.35,1646.0,1614.2,1631.81,82164,1340.76,10793,37574,45.73
2020-05-13,1689.0,1689.0,1645.1,1656.45,1660.0,1648.35,1660.77,316636,5258.6,12497,279380,88.23
2020-05-14,1645.0,1667.15,1628.0,1648.25,1636.5,1656.45,1654.13,173342,2867.31,14041,143650,82.87
2020-05-15,1650.0,1657.95,1636.05,1645.8,1654.7,1648.25,1649.21,66726,1100.45,12174,52370,78.49
2020-05-18,1655.0,1668.0,1600.0,1645.65,1646.0,1645.8,1644.75,205525,3380.37,13210,170387,82.9
2020-05-19,1661.0,1680.0,1640.0,1670.15,1668.1,1645.65,1661.33,59442,987.53,7530,31495,52.98
2020-05-20,1719.95,1834.0,1711.0,1784.0,1755.0,1670.15,1787.88,842336,15059.94,54935,244059,28.97
2020-05-21,1763.95,1800.0,1745.8,1784.9,1799.0,1784.0,1771.38,104118,1844.32,14524,49062,47.12
2020-05-22,1784.95,1839.0,1771.0,1786.65,1775.0,1784.9,1802.41,125113,2255.04,18430,56617,45.25
2020-05-26,1795.0,1809.65,1767.05,1787.25,1785.0,1786.65,1782.02,82065,1462.41,15999,52392,63.84
2020-05-27,1787.0,1809.05,1787.0,1794.2,1791.0,1787.25,1798.27,113020,2032.41,10063,84747,74.98
2020-05-28,1787.0,1818.95,1775.1,1793.4,1786.4,1794.2,1796.83,90551,1627.05,14055,60179,66.46
2020-05-29,1780.2,1812.0,1780.2,1798.85,1799.0,1793.4,1797.09,46008,826.8,12482,26259,57.07
2020-06-01,1795.0,1860.0,1795.0,1842.95,1855.0,1798.85,1823.65,170384,3107.21,15447,100180,58.8
2020-06-02,1846.0,1894.0,1817.85,1858.55,1841.75,1842.95,1867.45,321389,6001.79,21706,172471,53.66
2020-06-03,1854.95,1880.1,1844.05,1848.35,1845.25,1858.55,1864.33,154333,2877.28,9518,108504,70.31
2020-06-04,1849.95,1869.3,1846.5,1861.25,1862.0,1848.35,1855.01,50397,934.87,6326,30464,60.45
2020-06-05,1865.05,1870.7,1849.1,1857.25,1856.1,1861.25,1858.47,54930,1020.86,10534,33527,61.04
2020-06-08,1873.15,1884.85,1855.0,1870.0,1865.05,1857.25,1869.62,54423,1017.5,8709,32186,59.14
2020-06-09,1856.0,1895.0,1850.2,1885.4,1888.0,1870.0,1875.47,210894,3955.24,16915,173597,82.31
2020-06-10,1885.0,1899.0,1879.6,1887.5,1887.15,1885.4,1887.85,48949,924.09,4209,23330,47.66
2020-06-11,1881.5,1887.95,1866.8,1870.4,1874.85,1887.5,1870.67,44855,839.09,7368,32323,72.06
2020-06-12,1820.0,1870.4,1801.0,1850.0,1850.85,1870.4,1838.9,68224,1254.57,8103,38439,56.34
2020-06-15,1846.0,1877.25,1841.0,1860.4,1868.5,1850.0,1861.86,44697,832.2,6971,29171,65.26
2020-06-16,1860.0,1882.6,1851.0,1876.05,1879.85,1860.4,1872.89,59204,1108.83,5403,38834,65.59
2020-06-17,1860.0,1908.9,1860.0,1882.4,1880.1,1876.05,1884.39,57194,1077.76,6838,31818,55.63
2020-06-18,1879.95,1888.0,1863.0,1877.8,1880.0,1882.4,1875.83,104370,1957.8,8560,83937,80.42
2020-06-19,1880.0,1920.1,1860.0,1869.85,1867.5,1877.8,1899.69,159385,3027.82,19045,98875,62.04
2020-06-22,1870.0,1894.95,1866.6,1877.5,1883.0,1869.85,1877.07,38770,727.74,3627,18736,48.33
2020-06-23,1880.0,1908.0,1863.4,1885.3,1880.1,1877.5,1891.47,91005,1721.33,7224,26305,28.91
2020-06-24,1890.0,1940.0,1890.0,1926.4,1920.6,1885.3,1918.98,104080,1997.28,8682,47765,45.89
2020-06-25,1895.25,1919.9,1881.0,1892.8,1890.0,1926.4,1888.71,148028,2795.82,8210,128421,86.75
2020-06-26,1906.95,1953.0,1892.85,1928.7,1940.0,1892.8,1929.03,171354,3305.47,15561,85053,49.64
2020-06-29,1925.0,1945.0,1890.15,1936.45,1936.5,1928.7,1926.73,61906,1192.76,11216,33409,53.97
2020-06-30,1940.0,1980.0,1934.0,1957.9,1955.2,1936.45,1963.82,153842,3021.18,18502,74597,48.49
2020-07-01,1960.2,1969.0,1925.0,1937.4,1939.0,1957.9,1944.63,84097,1635.37,5541,60274,71.67
2020-07-02,1942.0,1970.0,1935.0,1962.75,1953.0,1937.4,1955.72,79240,1549.71,7675,50941,64.29
2020-07-03,1961.05,1998.75,1957.05,1978.25,1976.9,1962.75,1973.17,203541,4016.2,5875,167989,82.53
2020-07-06,1995.25,2010.0,1981.95,2000.45,1995.0,1978.25,1997.1,225866,4510.77,13661,176041,77.94
2020-07-07,2000.45,2025.0,1980.0,2009.1,2006.5,2000.45,2009.0,225429,4528.86,12125,158232,70.19
2020-07-08,2020.0,2070.0,2011.25,2053.75,2052.0,2009.1,2054.31,219843,4516.26,29326,127963,58.21
2020-07-09,2041.0,2098.0,2035.65,2082.0,2080.0,2053.75,2076.61,229165,4758.87,12453,169101,73.79
2020-07-10,2079.9,2120.0,2060.85,2109.65,2115.9,2082.0,2101.15,167527,3520.0,21530,101621,60.66
2020-07-13,2123.0,2230.0,2116.5,2196.05,2194.0,2109.65,2194.08,478574,10500.28,44501,287793,60.14
2020-07-14,2200.0,2253.55,2170.0,2240.6,2249.0,2196.05,2223.71,266991,5937.1,29491,140430,52.6
2020-07-15,2250.3,2310.0,2158.65,2190.8,2209.0,2240.6,2256.85,269713,6087.02,33413,129009,47.83
2020-07-16,2259.0,2336.0,2211.3,2291.2,2299.05,2190.8,2291.28,365530,8375.33,33740,105919,28.98
2020-07-17,2308.0,2308.0,2216.0,2264.0,2269.0,2291.2,2259.79,122822,2775.52,19631,60024,48.87
2020-07-20,2200.0,2257.95,2195.0,2249.7,2247.55,2264.0,2241.93,110407,2475.24,17383,66680,60.39
2020-07-21,2250.0,2285.0,2245.25,2279.65,2282.0,2249.7,2271.57,99336,2256.49,10674,41853,42.13
2020-07-22,2300.0,2350.0,2280.0,2330.65,2334.7,2279.65,2330.64,315765,7359.36,28790,210545,66.68
2020-07-23,2330.65,2359.0,2250.0,2261.95,2272.0,2330.65,2275.51,230141,5236.88,46956,151250,65.72
2020-07-24,2205.65,2305.0,2205.65,2274.4,2274.0,2261.95,2258.73,154741,3495.18,27359,87525,56.56
2020-07-27,2261.0,2489.0,2261.0,2427.0,2410.0,2274.4,2393.68,500144,11971.87,56296,185476,37.08
2020-07-28,2410.0,2470.0,2385.0,2415.7,2419.0,2427.0,2423.79,248944,6033.88,38683,110802,44.51
2020-07-29,2416.0,2488.6,2396.0,2400.45,2405.0,2415.7,2445.49,272337,6659.98,16876,178250,65.45
2020-07-30,2420.0,2439.9,2353.25,2386.5,2404.0,2400.45,2395.05,137769,3299.64,28004,71816,52.13
2020-07-31,2360.05,2435.0,2360.05,2416.8,2415.0,2386.5,2411.06,87331,2105.61,13555,41433,47.44
2020-08-03,2417.0,2497.9,2413.65,2490.7,2487.0,2416.8,2480.11,400661,9936.83,39163,248723,62.08
2020-08-04,2500.0,2500.0,2425.0,2448.55,2444.0,2490.7,2460.65,194655,4789.78,33713,141653,72.77
2020-08-05,2458.0,2529.0,2458.0,2499.8,2500.0,2448.55,2507.9,373104,9357.08,28840,253407,67.92
2020-08-06,2510.0,2524.95,2431.1,2468.95,2498.0,2499.8,2478.14,169207,4193.18,27840,92002,54.37
2020-08-07,2475.0,2509.7,2446.05,2467.6,2463.0,2468.95,2471.0,75176,1857.6,12964,38143,50.74
2020-08-10,2475.0,2524.0,2457.05,2519.3,2519.8,2467.6,2510.59,205400,5156.75,12147,147349,71.74
2020-08-11,2525.0,2530.0,2463.35,2516.45,2517.0,2519.3,2524.61,280185,7073.57,14483,221334,79.0
2020-08-12,2500.0,2530.0,2476.0,2496.65,2500.0,2516.45,2506.64,66881,1676.47,11209,33581,50.21
2020-08-13,2517.95,2517.95,2457.05,2471.85,2473.05,2496.65,2474.64,75354,1864.74,14559,43885,58.24
2020-08-14,2472.05,2484.05,2425.0,2440.0,2435.75,2471.85,2446.03,88007,2152.68,29076,57488,65.32
2020-08-17,2451.1,2468.9,2400.9,2440.9,2440.0,2440.0,2435.55,99081,2413.17,19279,57551,58.08
2020-08-18,2451.2,2459.95,2411.2,2422.15,2426.0,2440.9,2443.48,110602,2702.54,17549,82534,74.62
2020-08-19,2411.65,2439.55,2380.0,2385.3,2392.0,2422.15,2404.35,218023,5242.03,25621,175708,80.59
2020-08-20,2380.0,2403.4,2354.75,2373.6,2365.0,2385.3,2379.14,76166,1812.1,12049,41047,53.89
2020-08-21,2376.3,2395.0,2357.0,2367.55,2365.0,2373.6,2372.38,47908,1136.56,12212,27753,57.93
2020-08-24,2388.0,2388.0,2329.0,2340.4,2340.0,2367.55,2348.52,95077,2232.9,17683,53528,56.3
2020-08-25,2343.55,2387.15,2335.05,2343.25,2350.0,2340.4,2363.31,111386,2632.39,12778,69489,62.39
2020-08-26,2363.65,2498.9,2346.8,2471.65,2468.0,2343.25,2455.51,307900,7560.51,35932,117768,38.25
2020-08-27,2470.0,2527.7,2455.65,2496.85,2492.55,2471.65,2501.14,306228,7659.2,38425,158194,51.66
2020-08-28,2500.0,2530.0,2495.1,2519.6,2522.0,2496.85,2522.46,239015,6029.05,26500,137485,57.52
2020-08-31,2515.0,2530.0,2406.6,2458.35,2458.4,2519.6,2478.95,140050,3471.77,20220,80900,57.77
2020-09-01,2480.05,2550.0,2451.5,2471.65,2486.0,2458.35,2509.39,329890,8278.24,27534,178975,54.25
2020-09-02,2500.0,2530.0,2440.0,2479.2,2499.65,2471.65,2482.0,153680,3814.34,35982,74066,48.19
2020-09-03,2498.95,2517.5,2481.0,2488.25,2487.5,2479.2,2498.82,68058,1700.65,16873,39674,58.29
2020-09-04,2452.0,2488.15,2427.1,2478.6,2487.0,2488.25,2451.49,206186,5054.63,16321,159829,77.52
2020-09-07,2475.0,2498.0,2403.0,2410.0,2416.0,2478.6,2424.73,105558,2559.5,20107,56657,53.67
2020-09-08,2434.0,2508.8,2410.55,2488.35,2491.0,2410.0,2480.08,227660,5646.14,24983,110698,48.62
2020-09-09,2479.6,2506.7,2412.0,2455.5,2486.0,2488.35,2467.93,122396,3020.65,31231,69340,56.65
2020-09-10,2470.05,2524.85,2460.1,2472.75,2476.0,2455.5,2494.54,131035,3268.72,25982,49211,37.56
2020-09-11,2474.0,2510.0,2472.8,2499.4,2500.0,2472.75,2494.81,88596,2210.3,12000,46360,52.33
2020-09-14,2506.0,2686.15,2500.0,2651.7,2647.95,2499.4,2578.56,869710,22425.96,64456,459801,52.87
2020-09-15,2651.0,2780.0,2647.95,2690.8,2690.9,2651.7,2722.91,317585,8647.56,63976,157524,49.6
2020-09-16,2688.0,2700.0,2670.05,2697.6,2696.55,2690.8,2696.2,168792,4550.96,24780,96712,57.3
2020-09-17,2695.0,2760.0,2675.1,2737.95,2701.6,2697.6,2729.77,478651,13066.06,63740,329253,68.79
2020-09-18,2750.0,2794.35,2675.0,2706.9,2702.4,2737.95,2742.44,405293,11114.94,52368,241281,59.53
2020-09-21,2644.0,2734.3,2611.55,2657.05,2620.0,2706.9,2688.82,349426,9395.45,41770,224391,64.22
2020-09-22,2660.0,2699.95,2502.0,2579.85,2578.0,2657.05,2597.96,340250,8839.55,57033,199191,58.54
2020-09-23,2618.4,2684.0,2401.0,2448.45,2467.0,2579.85,2531.95,663977,16811.55,58280,453832,68.35
2020-09-24,2448.5,2518.05,2311.6,2414.4,2345.0,2448.45,2408.33,841246,20260.02,66347,546024,64.91
2020-09-25,2389.0,2494.9,2370.0,2473.7,2460.0,2414.4,2445.21,270255,6608.29,33142,126417,46.78
2020-09-28,2489.0,2558.9,2488.95,2536.05,2494.6,2473.7,2517.92,209712,5280.38,18097,129727,61.86
2020-09-29,2534.7,2561.6,2466.15,2501.5,2505.45,2536.05,2505.43,242930,6086.45,30494,137245,56.5
2020-09-30,2518.0,2571.0,2504.35,2543.55,2545.0,2501.5,2542.39,219526,5581.21,39298,116618,53.12
2020-10-01,2565.0,2595.0,2515.2,2527.25,2527.0,2543.55,2550.09,93536,2385.25,20658,52670,56.31
2020-10-05,2553.5,2590.65,2520.0,2581.1,2585.0,2527.25,2564.91,137708,3532.09,17641,59010,42.85
2020-10-06,2600.0,2718.0,2595.2,2681.2,2708.75,2581.1,2662.54,234362,6239.98,31814,110421,47.12
2020-10-07,2690.0,2699.0,2631.1,2667.1,2669.9,2681.2,2663.58,121336,3231.88,29863,56649,46.69
2020-10-08,2718.0,2959.0,2718.0,2861.4,2853.8,2667.1,2876.5,843440,24261.51,95750,285139,33.81
2020-10-09,2849.0,2950.0,2814.25,2927.25,2926.0,2861.4,2897.61,357822,10368.29,49921,143138,40.0
2020-10-12,2937.25,3512.7,2936.0,3276.7,3199.0,2927.25,3158.21,1359935,42949.6,119749,407811,29.99
2020-10-13,3155.5,3320.0,3155.5,3249.75,3270.0,3276.7,3237.59,859474,27826.27,102404,339837,39.54
2020-10-14,3260.0,3494.7,3250.0,3330.55,3280.0,3249.75,3386.52,1614848,54687.16,136095,350217,21.69
2020-10-15,3306.2,3389.0,3195.0,3296.45,3307.0,3330.55,3290.65,606071,19943.66,85366,192698,31.79
2020-10-16,3325.0,3364.5,3025.1,3075.15,3100.0,3296.45,3170.76,796043,25240.61,93157,305667,38.4
2020-10-19,3090.35,3145.2,2961.2,3015.25,3040.0,3075.15,3021.29,481161,14537.29,58279,172755,35.9
2020-10-20,3025.0,3092.0,2951.0,2964.8,2959.0,3015.25,3012.05,458862,13821.14,46214,155966,33.99
2020-10-21,2989.0,3139.0,2989.0,3099.85,3105.0,2964.8,3093.73,968678,29968.24,106790,299677,30.94
2020-10-22,3111.5,3133.9,3031.15,3052.0,3055.1,3099.85,3088.64,407236,12578.06,62488,158866,39.01
2020-10-23,3078.9,3105.75,3041.1,3061.15,3060.0,3052.0,3078.59,204880,6307.41,33708,82601,40.32
2020-10-26,3085.0,3102.0,2975.75,2999.2,3020.0,3061.15,3041.03,191707,5829.87,30064,79669,41.56
2020-10-27,3026.15,3026.15,2891.05,2898.75,2908.0,2999.2,2922.07,473219,13827.78,56335,283820,59.98
2020-10-28,2915.0,2948.8,2874.6,2889.2,2890.0,2898.75,2900.76,339973,9861.79,45375,165952,48.81
2020-10-29,2879.95,2949.9,2826.75,2933.2,2933.85,2889.2,2887.87,356589,10297.84,32144,211664,59.36
2020-10-30,2933.2,2983.8,2891.0,2918.5,2910.0,2933.2,2940.82,275918,8114.25,33860,104103,37.73
2020-11-02,2900.0,2955.0,2831.0,2853.1,2853.1,2918.5,2883.15,279552,8059.89,38590,151636,54.24
2020-11-03,2880.9,2999.0,2865.0,2936.35,2945.0,2853.1,2929.67,311155,9115.81,47599,108293,34.8
2020-11-04,2950.0,3069.35,2945.0,3039.05,3038.0,2936.35,3038.01,337813,10262.8,39699,126012,37.3
2020-11-05,3039.05,3189.0,3039.05,3179.0,3157.0,3039.05,3150.74,379717,11963.88,47661,155307,40.9
2020-11-06,3179.0,3229.9,3140.0,3168.25,3165.0,3179.0,3185.12,263716,8399.66,28604,114493,43.42
2020-11-09,3204.0,3290.0,3200.0,3279.55,3286.2,3168.25,3250.82,313385,10187.59,32370,140961,44.98
2020-11-10,3274.55,3277.0,3000.0,3023.8,3036.55,3279.55,3096.12,512059,15853.98,74299,244690,47.79
2020-11-11,3053.9,3105.0,2900.0,2980.05,2990.3,3023.8,2983.54,670169,19994.73,76904,270155,40.31
2020-11-12,3000.0,3059.0,2971.0,2983.3,2994.0,2980.05,2999.36,310817,9322.52,37919,134485,43.27
2020-11-13,2985.0,3063.85,2945.65,3022.05,2994.0,2983.3,3014.99,191905,5785.91,30113,78384,40.85
2020-11-14,3043.95,3045.0,3009.7,3037.85,3039.75,3022.05,3033.03,21361,647.89,2938,9945,46.56
2020-11-17,3050.0,3058.5,2986.0,2997.95,2998.1,3037.85,3022.99,282279,8533.28,42491,182378,64.61
2020-11-18,3010.0,3107.0,2990.05,3017.55,3012.0,2997.95,3062.1,498558,15266.33,42211,220213,44.17
2020-11-19,3028.0,3049.8,2954.65,2983.0,2970.0,3017.55,3008.91,274028,8245.24,40314,157030,57.3
2020-11-20,3008.65,3107.1,2991.15,3091.6,3104.0,2983.0,3076.44,491454,15119.29,57579,240003,48.84
2020-11-23,3120.0,3289.55,3110.0,3264.15,3230.0,3091.6,3222.55,710638,22900.66,71469,305097,42.93
2020-11-24,3249.95,3418.0,3233.0,3335.95,3333.9,3264.15,3346.9,817267,27353.12,89936,326668,39.97
2020-11-25,3368.75,3375.55,3080.2,3108.4,3128.0,3335.95,3163.35,598000,18916.82,86189,267140,44.67
2020-11-26,3134.4,3179.95,3032.8,3088.9,3075.0,3108.4,3078.36,409436,12603.93,47848,148450,36.26
2020-11-27,3115.35,3250.0,3087.15,3200.45,3197.75,3088.9,3188.69,5781528,184355.26,183912,4671575,80.8
2020-12-01,3271.25,3471.35,3202.05,3353.45,3353.0,3200.45,3354.36,865205,29022.06,75634,419671,48.51
2020-12-02,3347.0,3401.0,3230.0,3393.75,3382.05,3353.45,3327.96,577260,19210.98,63854,174421,30.22
2020-12-03,3400.0,3400.0,3280.0,3300.65,3300.0,3393.75,3346.61,358686,12003.82,49476,147421,41.1
2020-12-04,3320.0,3330.0,3256.8,3265.15,3267.5,3300.65,3276.84,251735,8248.96,28057,94076,37.37
2020-12-07,3250.75,3339.0,3235.0,3270.95,3259.0,3265.15,3280.07,322749,10586.4,37541,140831,43.63
2020-12-08,3300.0,3329.0,3235.0,3261.45,3263.8,3270.95,3274.93,334352,10949.79,58044,145933,43.65
2020-12-09,3270.1,3319.9,3255.4,3265.85,3258.0,3261.45,3279.57,142608,4676.93,13688,60793,42.63
2020-12-10,3270.0,3295.0,3216.7,3251.4,3258.95,3265.85,3246.87,117946,3829.55,11492,46867,39.74
2020-12-11,3278.75,3295.0,3241.9,3268.65,3265.0,3251.4,3264.55,215585,7037.89,16650,130027,60.31
2020-12-14,3289.0,3319.0,3211.1,3234.95,3234.6,3268.65,3267.04,264171,8630.58,34256,124153,47.0
2020-12-15,3235.0,3273.95,3217.55,3263.15,3255.1,3234.95,3241.96,220098,7135.49,30777,141987,64.51
2020-12-16,3265.5,3315.0,3265.05,3288.95,3294.0,3263.15,3293.01,364862,12014.94,44020,207206,56.79
2020-12-17,3305.0,3319.0,3288.2,3306.0,3295.05,3288.95,3306.23,282060,9325.55,18087,189911,67.33
2020-12-18,3325.0,3400.0,3316.15,3356.4,3348.0,3306.0,3361.1,722305,24277.39,47251,410306,56.81
2020-12-21,3370.0,3449.0,3280.0,3395.45,3350.0,3356.4,3401.34,753013,25612.52,43521,417949,55.5
2020-12-22,3397.0,3618.0,3318.1,3573.0,3573.0,3395.45,3503.65,867964,30410.41,74684,337968,38.94
2020-12-23,3575.0,3698.5,3553.0,3674.95,3669.75,3573.0,3645.9,909379,33155.07,71614,267062,29.37
2020-12-24,3674.95,3674.95,3601.0,3625.6,3634.0,3674.95,3622.67,239343,8670.61,34554,82227,34.36
2020-12-28,3640.0,3673.9,3581.1,3640.75,3645.0,3625.6,3639.54,165151,6010.74,20851,57044,34.54
2020-12-29,3651.05,3672.75,3583.15,3609.95,3608.0,3640.75,3617.05,153207,5541.57,21961,63304,41.32
2020-12-30,3609.95,3674.9,3565.8,3661.15,3652.0,3609.95,3620.65,269551,9759.5,28010,145319,53.91
2020-12-31,3642.0,3675.0,3611.05,3659.5,3656.9,3661.15,3648.21,263584,9616.11,31228,127400,48.33
2021-01-01,3653.0,3749.3,3625.05,3699.3,3694.0,3659.5,3710.51,285207,10582.62,35444,73031,25.61
2021-01-04,3729.6,3909.9,3709.45,3845.35,3888.95,3699.3,3789.89,373949,14172.27,40018,124471,33.29
2021-01-05,3845.0,4198.9,3803.0,4129.35,4150.0,3845.35,4003.86,840857,33666.7,98135,214653,25.53
2021-01-06,4147.0,4159.0,3935.0,3956.9,3968.0,4129.35,4044.34,597076,24147.8,62848,262945,44.04
2021-01-07,3998.05,4029.0,3870.0,3882.9,3885.0,3956.9,3919.88,363617,14253.36,39527,107224,29.49
2021-01-08,3920.85,4114.0,3920.0,4092.2,4088.0,3882.9,4035.26,582258,23495.63,54921,247350,42.48
2021-01-11,4150.0,4280.0,4065.0,4245.15,4250.0,4092.2,4163.78,426541,17760.23,49955,135530,31.77
2021-01-12,4225.25,4444.0,4170.0,4285.15,4308.0,4245.15,4316.31,559357,24143.59,66899,103170,18.44
2021-01-13,4300.0,4435.0,4271.0,4402.45,4430.0,4285.15,4343.04,376243,16340.39,41546,89115,23.69
2021-01-14,4420.0,4480.0,4338.0,4390.7,4380.0,4402.45,4389.47,322695,14164.61,45020,172294,53.39
2021-01-15,4430.0,4483.0,4200.0,4287.85,4292.0,4390.7,4331.48,219119,9491.1,30119,71069,32.43
2021-01-18,4289.95,4292.0,3968.6,4008.85,4008.55,4287.85,4093.17,194306,7953.27,38120,97695,50.28
2021-01-19,4087.0,4169.8,4051.7,4091.35,4094.95,4008.85,4095.83,432450,17712.42,24868,345825,79.97
2021-01-20,4107.0,4240.1,4062.0,4090.95,4100.0,4091.35,4150.63,233400,9687.56,38876,91073,39.02
2021-01-21,4170.0,4179.95,3960.0,3979.35,3974.8,4090.95,4051.08,193223,7827.62,38689,120433,62.33
2021-01-22,3970.0,4028.8,3910.0,3929.45,3930.0,3979.35,3959.81,147463,5839.26,28864,64298,43.6
2021-01-25,3954.0,3995.9,3870.0,3893.85,3887.0,3929.45,3934.4,173743,6835.74,15296,126972,73.08
2021-01-27,3913.7,4115.0,3850.0,4025.8,4028.0,3893.85,3998.41,349263,13964.96,51969,166372,47.64
2021-01-28,3990.0,4049.95,3950.0,3970.85,3969.8,4025.8,3986.34,117674,4690.88,21042,79749,67.77
2021-01-29,4006.6,4048.55,3780.0,3963.9,3999.0,3970.85,3906.61,236889,9254.34,37843,130224,54.97
2021-02-01,3997.0,4010.0,3905.0,3937.65,3978.0,3963.9,3965.51,128714,5104.16,23785,68954,53.57
2021-02-02,3977.25,4100.0,3951.0,4038.55,4055.0,3937.65,4041.31,158015,6385.88,29057,80674,51.05
2021-02-03,4050.0,4347.0,4038.55,4305.5,4295.0,4038.55,4226.25,343177,14503.53,36638,155571,45.33
2021-02-04,4317.0,4379.95,4252.15,4303.7,4297.0,4305.5,4314.99,146650,6327.93,21826,81869,55.83
2021-02-05,4301.0,4320.0,4118.6,4124.65,4136.0,4303.7,4171.16,142196,5931.22,32606,77179,54.28
2021-02-08,4161.8,4165.4,4075.0,4101.9,4118.0,4124.65,4104.1,111277,4566.92,21419,61716,55.46
2021-02-09,4121.7,4169.85,4046.4,4067.8,4079.95,4101.9,4110.41,90282,3710.96,15455,44483,49.27
2021-02-10,4075.0,4100.0,3957.8,3999.9,4003.9,4067.8,4000.0,109185,4367.4,20367,64899,59.44
2021-02-11,3983.0,4049.9,3980.0,4026.35,4010.0,3999.9,4017.11,87408,3511.28,14872,49433,56.55
2021-02-12,4026.35,4077.7,3990.0,4039.9,4052.0,4026.35,4029.7,65326,2632.44,14053,30115,46.1
2021-02-15,4060.0,4075.0,4001.0,4032.2,4015.0,4039.9,4050.5,69804,2827.41,21477,43071,61.7
2021-02-16,4033.95,4058.0,3920.0,3944.95,3956.0,4032.2,3983.03,92060,3666.78,22590,59584,64.72
2021-02-17,3956.0,3974.55,3867.0,3875.9,3885.9,3944.95,3901.75,105727,4125.2,23992,74709,70.66
2021-02-18,3839.7,3977.35,3836.05,3871.3,3874.9,3875.9,3890.27,147042,5720.33,30725,93701,63.72
2021-02-19,3925.0,3925.0,3808.0,3820.65,3822.0,3871.3,3845.64,120226,4623.46,25369,86666,72.09
2021-02-22,3822.0,3854.95,3775.0,3793.7,3785.15,3820.65,3801.39,63480,2413.13,18678,37120,58.48
2021-02-23,3800.85,3851.0,3750.0,3754.55,3755.0,3793.7,3783.36,90928,3440.13,24162,59260,65.17
2021-02-24,3788.35,3825.0,3701.0,3718.75,3735.0,3754.55,3735.63,50985,1904.61,8885,32655,64.05
2021-02-25,3730.0,3763.8,3640.0,3656.5,3659.0,3718.75,3685.02,251215,9257.33,28741,162419,64.65
2021-02-26,3625.0,3648.55,3570.0,3599.85,3603.95,3656.5,3615.6,240333,8689.49,41643,177688,73.93
2021-03-01,3590.0,3695.2,3590.0,3608.05,3615.0,3599.85,3631.74,190862,6931.62,31562,102690,53.8
2021-03-02,3640.55,3894.0,3627.0,3832.8,3880.0,3608.05,3760.49,394399,14831.33,46414,143616,36.41
2021-03-03,3868.0,3967.0,3851.0,3911.15,3903.0,3832.8,3913.38,232927,9115.32,27367,66569,28.58
2021-03-04,3880.3,4015.0,3811.15,3924.7,3916.0,3911.15,3965.82,251366,9968.73,30426,96996,38.59
2021-03-05,3910.0,3920.0,3820.0,3845.15,3844.0,3924.7,3861.54,132490,5116.15,18544,68252,51.51
2021-03-08,3870.0,3955.0,3846.0,3866.2,3879.65,3845.15,3909.89,162750,6363.34,19399,63287,38.89
2021-03-09,3889.0,3920.0,3859.85,3896.5,3910.15,3866.2,3888.41,100893,3923.13,18156,47634,47.21
2021-03-10,3955.0,4150.0,3936.05,4128.95,4142.0,3896.5,4092.84,1096653,44884.27,104281,336748,30.71
2021-03-12,4168.0,4174.95,4000.0,4016.05,4033.0,4128.95,4064.66,354537,14410.74,39733,144608,40.79
2021-03-15,4048.0,4120.0,3967.0,4087.35,4086.0,4016.05,4069.77,311584,12680.75,35902,64767,20.79
2021-03-16,4120.0,4198.0,4073.0,4115.95,4118.0,4087.35,4132.66,361187,14926.64,37023,144946,40.13
2021-03-17,4115.95,4188.75,4020.0,4048.3,4050.0,4115.95,4097.84,319928,13110.12,32294,135354,42.31
2021-03-18,4070.0,4136.0,3950.0,4007.45,4028.9,4048.3,4004.03,327009,13093.55,31875,165264,50.54
2021-03-19,3970.0,4095.15,3910.0,4075.1,4030.0,4007.45,4036.94,279744,11293.1,27402,154521,55.24
2021-03-22,4090.0,4191.95,4075.1,4093.1,4090.25,4075.1,4131.06,251199,10377.17,27200,78119,31.1
2021-03-23,4120.0,4136.1,4020.5,4034.5,4054.7,4093.1,4068.93,198149,8062.55,26696,109898,55.46
2021-03-24,4030.0,4065.0,3951.7,3972.2,3978.3,4034.5,4006.4,129661,5194.74,18581,42780,32.99
2021-03-25,3990.65,3990.65,3784.85,3837.7,3835.0,3972.2,3838.69,269938,10362.1,38104,100910,37.38
2021-03-26,3865.3,3975.0,3859.4,3947.25,3960.0,3837.7,3923.52,138918,5450.47,18282,43152,31.06
2021-03-30,3995.0,4244.0,3919.0,4163.0,4180.0,3947.25,4083.16,354360,14469.07,34865,171153,48.3
2021-03-31,4175.0,4175.0,4022.75,4054.3,4073.0,4163.0,4105.09,229616,9425.94,26527,82630,35.99
2021-04-01,4082.0,4189.0,4072.3,4112.8,4121.05,4054.3,4123.65,213617,8808.81,26199,51399,24.06
2021-04-05,4115.0,4296.8,4079.05,4269.5,4290.0,4112.8,4213.84,456022,19216.05,45549,119629,26.23
2021-04-06,4300.0,4349.9,4234.5,4257.55,4278.1,4269.5,4284.86,286197,12263.14,32729,71596,25.02
2021-04-07,4225.5,4325.0,4184.05,4298.45,4300.0,4257.55,4270.02,246137,10510.1,28859,65844,26.75
2021-04-08,4290.0,4387.95,4270.5,4326.05,4324.0,4298.45,4343.57,291750,12672.36,27341,87789,30.09
2021-04-09,4280.0,4450.0,4275.0,4378.6,4381.9,4326.05,4395.43,379136,16664.66,33731,99205,26.17
2021-04-12,4380.0,4389.0,4124.15,4257.75,4255.45,4378.6,4245.49,294617,12507.93,33497,94747,32.16
2021-04-13,4270.0,4323.15,4065.0,4108.25,4105.95,4257.75,4150.43,335455,13922.82,39518,135328,40.34
2021-04-15,4110.0,4111.6,3962.2,4045.2,4050.0,4108.25,4025.25,265495,10686.85,34789,98381,37.06
2021-04-16,4095.0,4175.0,4052.3,4089.9,4071.55,4045.2,4118.38,307827,12677.5,31307,132048,42.9
2021-04-19,4060.0,4090.0,3962.3,4063.35,4057.0,4089.9,4042.01,174917,7070.16,20608,61000,34.87
2021-04-20,4065.1,4120.0,3915.1,3969.25,3975.0,4063.35,3996.97,269477,10770.92,37217,117429,43.58
2021-04-22,3986.0,3999.0,3883.0,3915.25,3918.0,3969.25,3946.47,202748,8001.38,28030,110674,54.59
2021-04-23,3918.0,3990.0,3850.0,3901.05,3910.8,3915.25,3936.67,184712,7271.5,28026,66354,35.92
2021-04-26,3961.35,3995.95,3901.0,3934.05,3937.05,3901.05,3948.83,152758,6032.15,18397,57658,37.74
2021-04-27,3965.0,3965.0,3901.0,3909.7,3911.0,3934.05,3921.47,156767,6147.57,25857,90970,58.03
2021-04-28,3930.0,3947.45,3834.15,3890.85,3890.0,3909.7,3877.86,297881,11551.39,35127,158425,53.18
2021-04-29,3940.8,3940.8,3830.0,3851.0,3850.0,3890.85,3859.82,257788,9950.15,33691,144987,56.24
2021-04-30,3840.0,3929.7,3831.0,3890.25,3887.0,3851.0,3892.31,303588,11816.6,43682,152879,50.36
2021-05-03,3903.0,3940.0,3850.0,3923.6,3928.0,3890.25,3907.88,178549,6977.48,18354,55660,31.17
2021-05-04,3941.0,3943.95,3835.0,3846.4,3860.0,3923.6,3864.73,249163,9629.47,29163,101639,40.79
2021-05-05,3903.35,3964.95,3810.3,3915.15,3910.0,3846.4,3891.69,390169,15184.15,42914,96407,24.71
2021-05-06,3905.0,3905.0,3794.95,3812.35,3811.95,3915.15,3816.57,517358,19745.34,65830,273024,52.77
2021-05-07,3864.9,3864.9,3752.0,3768.6,3765.0,3812.35,3785.26,269501,10201.33,46636,134505,49.91
2021-05-10,3798.0,3798.0,3633.8,3665.45,3673.0,3768.6,3673.51,680722,25006.42,99373,382200,56.15
2021-05-11,3645.45,3654.85,3588.7,3618.85,3619.0,3665.45,3609.07,612773,22115.39,70967,359573,58.68
2021-05-12,3618.0,3693.0,3615.0,3662.0,3661.5,3618.85,3666.72,307626,11279.78,35645,119980,39.0
2021-05-14,3698.0,3699.9,3592.0,3598.35,3595.95,3662.0,3614.33,256284,9262.95,43544,147154,57.42
2021-05-17,3600.0,3600.0,3525.0,3583.65,3598.0,3598.35,3565.28,371290,13237.53,58912,199097,53.62
2021-05-18,3625.0,3656.85,3588.0,3635.4,3656.8,3583.65,3612.82,655849,23694.62,53197,372776,56.84
2021-05-19,3670.0,3760.9,3651.05,3747.7,3753.9,3635.4,3730.37,718564,26805.11,65441,222741,31.0
2021-05-20,3753.9,3766.45,3656.05,3673.75,3676.1,3747.7,3680.61,360209,13257.87,32321,190232,52.81
2021-05-21,3702.0,3702.4,3635.1,3655.65,3659.95,3673.75,3661.86,259149,9489.67,31462,127006,49.01
2021-05-24,3685.0,3695.0,3643.0,3664.25,3677.55,3655.65,3667.13,169770,6225.69,19397,76277,44.93
2021-05-25,3688.0,3744.0,3665.0,3707.5,3715.0,3664.25,3709.96,317127,11765.3,35490,136429,43.02
2021-05-26,3730.0,3818.0,3689.0,3799.85,3803.0,3707.5,3770.03,364653,13747.53,35202,143107,39.24
2021-05-27,3818.8,3938.0,3801.0,3924.3,3935.05,3799.85,3879.16,788685,30594.34,59913,375732,47.64
2021-05-28,3960.0,3994.9,3912.95,3930.45,3939.0,3924.3,3959.82,464949,18411.14,36469,188821,40.61
2021-05-31,3969.0,3970.0,3911.1,3942.4,3947.0,3930.45,3948.39,186099,7347.92,21063,77619,41.71
2021-06-01,3956.0,3965.0,3856.8,3890.65,3889.0,3942.4,3888.91,180333,7012.98,22153,70852,39.29
2021-06-02,3847.95,3850.0,3770.0,3838.45,3836.05,3890.65,3807.79,383860,14616.58,35258,160971,41.93
2021-06-03,3881.1,3881.1,3812.0,3837.5,3840.0,3838.45,3837.18,199548,7657.01,17614,85118,42.66
2021-06-04,3849.0,3879.6,3830.0,3856.6,3855.0,3837.5,3859.84,170587,6584.38,20053,94501,55.4
2021-06-07,3851.25,3907.1,3808.95,3889.8,3885.9,3856.6,3866.62,149995,5799.74,16028,64583,43.06
2021-06-08,3890.0,4047.1,3784.15,4001.2,3994.0,3889.8,3981.06,662186,26362.06,49500,210114,31.73
2021-06-09,4020.05,4045.0,3905.05,3936.5,3936.75,4001.2,3983.81,391867,15611.24,35386,125616,32.06
2021-06-10,3946.0,4042.0,3928.8,4034.85,4029.95,3936.5,4005.76,290365,11631.32,29244,109437,37.69
2021-06-11,4050.0,4210.0,4040.0,4173.85,4200.95,4034.85,4125.89,651592,26883.98,50771,226585,34.77
2021-06-14,4215.0,4229.0,4125.65,4167.3,4168.0,4173.85,4196.46,420066,17627.9,31941,118505,28.21
2021-06-15,4167.5,4201.0,4112.0,4153.35,4138.0,4167.3,4162.6,308870,12857.01,30543,95704,30.99
2021-06-16,4153.35,4247.85,4125.0,4209.5,4196.0,4153.35,4203.2,505404,21243.14,37237,202527,40.07
2021-06-17,4199.0,4216.0,4134.4,4170.2,4175.0,4209.5,4176.17,297058,12405.65,23527,167968,56.54
2021-06-18,4200.0,4233.75,4000.15,4072.5,4090.65,4170.2,4088.21,463743,18958.78,50319,200290,43.19
2021-06-21,4052.1,4092.9,4008.0,4078.85,4069.8,4072.5,4051.4,108975,4415.02,16802,35759,32.81
2021-06-22,4079.8,4144.0,4052.0,4110.8,4115.0,4078.85,4114.75,181327,7461.15,21103,78159,43.1
2021-06-23,4112.4,4170.0,4110.0,4118.9,4115.0,4110.8,4141.31,139644,5783.09,18248,56887,40.74
2021-06-24,4120.0,4225.0,4085.6,4184.95,4175.0,4118.9,4170.6,258001,10760.18,28645,95531,37.03
2021-06-25,4200.0,4233.0,4175.0,4215.45,4219.0,4184.95,4211.75,255481,10760.22,25530,113367,44.37
2021-06-28,4220.0,4225.0,4111.55,4122.15,4133.0,4215.45,4136.74,261465,10816.14,31775,130809,50.03
2021-06-29,4124.95,4152.0,4087.65,4134.15,4117.6,4122.15,4117.38,226795,9338.0,25654,107904,47.58
2021-06-30,4119.0,4160.05,4051.05,4071.3,4071.0,4134.15,4104.79,343166,14086.23,39099,153099,44.61
2021-07-01,4085.55,4096.95,3970.0,4016.8,4035.0,4071.3,4016.79,303755,12201.19,34199,120982,39.83
2021-07-02,4039.9,4065.55,3988.2,4042.85,4035.0,4016.8,4022.67,267215,10749.17,25851,103993,38.92
2021-07-05,4044.0,4064.7,4016.0,4046.65,4044.95,4042.85,4038.25,150414,6074.1,25050,70517,46.88
2021-07-06,4050.0,4080.95,4010.0,4021.25,4021.0,4046.65,4045.45,182484,7382.3,17606,83122,45.55
2021-07-07,4020.05,4073.7,3990.45,4034.8,4030.0,4021.25,4037.49,125022,5047.75,19749,44970,35.97
2021-07-08,4038.9,4100.0,4026.15,4042.5,4046.0,4034.8,4062.37,204842,8321.45,20981,71066,34.69
2021-07-09,4037.9,4072.45,4015.25,4054.1,4052.6,4042.5,4040.48,134881,5449.83,19990,66297,49.15
2021-07-12,4065.0,4077.9,4013.0,4035.45,4035.0,4054.1,4035.28,142743,5760.09,14497,81362,57.0
2021-07-13,4035.45,4044.5,3995.0,4017.85,4014.0,4035.45,4016.37,129863,5215.78,19538,54763,42.17
2021-07-14,4033.35,4228.0,4012.85,4214.75,4212.1,4017.85,4166.59,743692,30986.63,54690,213956,28.77
2021-07-15,4260.15,4600.0,4245.0,4420.25,4395.0,4214.75,4446.01,2524847,112254.95,172712,284947,11.29
2021-07-16,4399.0,4399.0,4251.0,4288.6,4289.95,4420.25,4303.24,921642,39660.43,75273,174163,18.9
2021-07-19,4269.9,4466.75,4220.0,4379.6,4370.0,4288.6,4372.07,908381,39715.03,71265,153291,16.88
2021-07-20,4400.0,4461.15,4319.0,4357.6,4346.5,4379.6,4389.05,424083,18613.21,34527,118846,28.02
2021-07-22,4394.0,4425.0,4365.35,4406.15,4410.0,4357.6,4408.2,331876,14629.75,32005,156348,47.11
2021-07-23,4411.5,4425.0,4344.0,4361.2,4359.95,4406.15,4386.62,215746,9463.95,20265,70946,32.88
2021-07-26,4372.0,4400.0,4314.7,4351.4,4347.25,4361.2,4366.34,123859,5408.11,13612,36367,29.36
2021-07-27,4360.0,4398.7,4278.05,4349.4,4344.0,4351.4,4355.36,146187,6366.97,17269,53084,36.31
2021-07-28,4348.9,4386.35,4263.0,4357.3,4370.95,4349.4,4327.09,196069,8484.08,20564,70596,36.01
2021-07-29,4388.25,4659.95,4358.0,4639.65,4634.35,4357.3,4542.29,1180829,53636.69,91890,314371,26.62
2021-07-30,4636.0,4727.8,4574.25,4684.35,4699.45,4639.65,4678.49,551524,25802.99,49481,142745,25.88
2021-08-02,4737.0,4775.35,4684.85,4702.45,4705.15,4684.35,4718.01,248112,11705.95,34568,113020,45.55
2021-08-03,4707.0,4725.0,4661.0,4720.3,4709.0,4702.45,4700.38,205148,9642.74,31343,90804,44.26
2021-08-04,4750.0,4750.0,4648.5,4694.9,4695.0,4720.3,4698.27,216436,10168.75,20471,101340,46.82
2021-08-05,4720.0,4867.95,4675.25,4704.7,4705.0,4694.9,4773.48,566028,27019.23,60073,84108,14.86
2021-08-06,4735.0,4800.0,4674.0,4762.55,4765.0,4704.7,4746.26,224775,10668.4,24995,73381,32.65
2021-08-09,4822.9,4854.1,4720.0,4748.35,4745.0,4762.55,4784.68,207846,9944.76,32046,71207,34.26
2021-08-10,4768.0,4829.25,4725.0,4789.0,4785.65,4748.35,4788.14,136226,6522.69,19581,38936,28.58
2021-08-11,4805.0,4830.0,4678.0,4754.4,4760.0,4789.0,4735.06,191033,9045.52,28711,68565,35.89
2021-08-12,4760.0,4912.0,4760.0,4877.05,4865.0,4754.4,4866.6,502105,24435.44,48324,122226,24.34
2021-08-13,4870.0,4918.2,4857.0,4862.5,4865.0,4877.05,4883.92,167996,8204.79,24725,59101,35.18
2021-08-16,4845.0,4874.2,4754.0,4774.8,4784.0,4862.5,4809.91,120823,5811.48,17853,43310,35.85
2021-08-17,4785.0,4975.0,4755.95,4958.85,4958.0,4774.8,4908.27,611602,30019.09,63904,124694,20.39
2021-08-18,4958.5,5050.0,4910.0,4981.8,4949.0,4958.85,5007.1,403770,20217.18,48751,118333,29.31
2021-08-20,4901.05,5093.95,4881.95,4918.25,4928.0,4981.8,4995.11,383809,19171.69,44241,86241,22.47
2021-08-23,4931.0,5107.0,4931.0,5053.1,5041.0,4918.25,5034.49,538165,27093.87,62897,93584,17.39
2021-08-24,5094.0,5121.0,4960.0,4982.35,4995.0,5053.1,5025.17,291671,14656.97,35500,85168,29.2
2021-08-25,5027.2,5135.0,4952.05,5087.9,5087.25,4982.35,5082.62,351741,17877.64,35410,86593,24.62
2021-08-26,5108.3,5216.65,5051.05,5137.7,5142.0,5087.9,5146.74,513667,26437.08,49057,109119,21.24
2021-08-27,5147.8,5250.0,5100.0,5233.6,5242.0,5137.7,5204.31,331314,17242.62,35830,84061,25.37
2021-08-30,5270.0,5325.4,5230.1,5272.95,5269.0,5233.6,5282.12,293439,15499.79,38069,105074,35.81
2021-08-31,5300.0,5375.0,5245.0,5312.45,5334.35,5272.95,5309.45,282387,14993.2,36995,110342,39.07
2021-09-01,5356.0,5388.2,5268.95,5280.6,5275.5,5312.45,5314.22,199409,10597.04,26128,76221,38.22
2021-09-02,5282.0,5433.95,5265.75,5389.0,5385.0,5280.6,5353.91,280435,15014.23,31501,84922,30.28
2021-09-03,5400.0,5499.0,5377.7,5461.25,5469.0,5389.0,5449.7,421953,22995.19,47305,100254,23.76
2021-09-06,5499.0,5515.0,5414.15,5444.1,5449.2,5461.25,5450.75,191851,10457.33,24829,58442,30.46
2021-09-07,5444.0,5538.8,5390.0,5404.8,5413.95,5444.1,5460.33,224631,12265.6,32859,85449,38.04
2021-09-08,5434.0,5449.0,5320.0,5398.3,5420.0,5404.8,5375.84,188426,10129.47,20898,42203,22.4
2021-09-09,5380.0,5458.7,5354.0,5434.55,5440.0,5398.3,5423.77,121111,6568.78,17806,36391,30.05
2021-09-13,5438.0,5520.0,5386.0,5488.95,5469.0,5434.55,5464.79,230196,12579.72,28161,88707,38.54
2021-09-14,5499.9,5670.0,5495.0,5580.4,5589.0,5488.95,5605.45,482838,27065.26,53945,97265,20.14
2021-09-15,5600.0,5708.0,5540.0,5649.85,5645.0,5580.4,5652.29,322366,18221.06,34246,95633,29.67
2021-09-16,5687.0,5716.0,5607.95,5672.3,5665.0,5649.85,5658.21,146820,8307.39,20057,39165,26.68
2021-09-17,5675.3,5782.7,5670.0,5715.25,5714.0,5672.3,5727.89,358488,20533.78,36665,151879,42.37
2021-09-20,5715.0,5799.0,5476.35,5547.45,5558.0,5715.25,5673.85,240211,13629.21,26559,79874,33.25
2021-09-21,5600.0,5767.0,5514.7,5739.75,5767.0,5547.45,5641.91,313977,17714.31,34320,87559,27.89
2021-09-22,5770.1,5880.0,5722.8,5848.3,5862.0,5739.75,5819.39,269591,15688.55,27603,80655,29.92
2021-09-23,5916.95,6098.0,5860.0,6036.7,6090.0,5848.3,5968.98,280558,16746.45,31566,89937,32.06
2021-09-24,6170.0,6498.5,6100.0,6231.35,6250.0,6036.7,6346.74,1103223,70018.75,117330,137013,12.42
2021-09-27,6300.0,6368.4,5930.0,5980.2,5988.75,6231.35,6044.34,448074,27083.09,66649,132952,29.67
2021-09-28,6025.0,6025.0,5680.85,5771.35,5774.0,5980.2,5812.33,458096,26626.04,57581,128536,28.06
2021-09-29,5655.0,5919.95,5635.55,5744.6,5719.0,5771.35,5734.79,783825,44950.73,69176,293451,37.44
2021-09-30,5760.0,5868.85,5715.0,5765.15,5778.9,5744.6,5793.48,282121,16344.64,35144,64909,23.01
2021-10-01,5758.0,5800.0,5680.0,5750.8,5758.0,5765.15,5728.61,211279,12103.35,28052,91911,43.5
2021-10-04,5799.9,5860.0,5680.3,5738.15,5740.0,5750.8,5759.3,264342,15224.24,29995,131886,49.89
2021-10-05,5755.0,5803.05,5652.05,5765.4,5762.0,5738.15,5735.3,310789,17824.69,33335,155592,50.06
2021-10-06,5799.0,5799.0,5670.0,5688.85,5690.0,5765.4,5701.58,237547,13543.93,42492,116101,48.87
2021-10-07,5730.0,5848.0,5710.0,5777.6,5795.0,5688.85,5780.72,299275,17300.26,35537,126194,42.17
2021-10-08,5848.0,5999.95,5782.0,5983.55,5988.0,5777.6,5935.5,504760,29960.02,52063,134706,26.69
2021-10-11,5958.25,5958.25,5610.0,5879.15,5880.0,5983.55,5811.84,359610,20899.94,42039,114248,31.77
2021-10-12,5879.2,5948.95,5720.0,5823.95,5835.0,5879.15,5814.1,262597,15267.65,29479,107215,40.83
2021-10-13,5838.0,5997.0,5831.2,5951.35,5982.0,5823.95,5906.28,183586,10843.11,24289,73006,39.77
2021-10-14,6060.0,6273.15,6030.0,6098.9,6101.0,5951.35,6145.46,485930,29862.63,54006,120280,24.75
2021-10-18,6144.0,6233.15,5858.8,5905.85,5905.0,6098.9,6003.16,703972,42260.57,68811,271521,38.57
2021-10-19,6444.0,7063.35,6380.0,6855.15,6900.0,5905.85,6747.09,3798353,256278.17,312153,478054,12.59
2021-10-20,6806.0,7155.0,6500.0,6940.15,6960.0,6855.15,6889.85,1863489,128391.51,179576,219133,11.76
2021-10-21,6979.0,7051.4,6550.25,6653.3,6652.0,6940.15,6734.8,633550,42668.35,81404,109681,17.31
2021-10-22,6660.0,6773.95,6472.05,6543.5,6529.95,6653.3,6581.54,499076,32846.88,62088,131964,26.44
2021-10-25,6555.0,6586.7,6264.2,6411.45,6404.0,6543.5,6371.98,386502,24627.84,58062,155105,40.13
2021-10-26,6450.0,6608.85,6420.0,6506.65,6518.85,6411.45,6499.94,363082,23600.11,55138,125313,34.51
2021-10-27,6570.0,6689.0,6546.55,6658.55,6655.05,6506.65,6624.01,313943,20795.6,32377,112864,35.95
2021-10-28,6694.0,6855.0,6643.65,6689.35,6683.55,6658.55,6763.4,568697,38463.25,62623,199069,35.0
2021-10-29,6700.0,6829.85,6610.0,6682.3,6720.0,6689.35,6720.4,280562,18854.89,36816,81706,29.12
2021-11-01,6720.0,6835.0,6661.0,6802.15,6816.0,6682.3,6753.88,294832,19912.6,36385,106510,36.13
2021-11-02,6824.0,6908.0,6736.15,6752.9,6741.45,6802.15,6818.75,220667,15046.72,29444,83752,37.95
2021-11-03,6730.0,6800.0,6644.4,6736.05,6774.0,6752.9,6710.87,203300,13643.2,23934,93618,46.05
2021-11-08,6786.0,6878.8,6680.0,6827.9,6836.0,6765.0,6804.55,252226,17162.84,28013,98264,38.96
2021-11-09,6849.0,6932.2,6758.2,6839.65,6830.0,6827.9,6870.36,228146,15674.44,23091,75788,33.22
2021-11-10,6820.0,6917.95,6786.0,6835.8,6845.0,6839.65,6874.52,137693,9465.73,15420,58054,42.16
2021-11-11,6839.0,6999.9,6763.05,6948.75,6997.95,6835.8,6875.83,174895,12025.49,26532,61338,35.07
2021-11-12,7000.0,7266.0,6954.4,7243.25,7260.0,6948.75,7138.29,594614,42445.27,61164,129546,21.79
2021-11-15,7278.9,7303.5,7166.0,7197.35,7189.0,7243.25,7222.83,179625,12974.01,25241,56204,31.29
2021-11-16,7189.0,7325.0,7180.0,7291.3,7270.0,7197.35,7261.59,304970,22145.68,33677,89659,29.4
2021-11-17,7274.0,7564.95,7240.0,7397.05,7384.1,7291.3,7445.4,571581,42556.48,59551,103929,18.18
2021-11-18,7399.0,7411.8,7121.2,7147.65,7164.0,7397.05,7204.67,310851,22395.79,44327,105221,33.85
2021-11-22,7099.0,7099.0,6753.45,6829.6,6843.95,7147.65,6900.14,353527,24393.87,49899,110642,31.3
2021-11-23,6789.95,6949.0,6600.0,6927.35,6939.0,6829.6,6828.98,246188,16812.14,41272,70319,28.56
2021-11-24,6940.0,7002.55,6720.0,6749.05,6738.4,6927.35,6848.06,336544,23046.74,36113,100014,29.72
2021-11-25,6760.0,6880.0,6712.4,6849.8,6870.0,6749.05,6812.1,158382,10789.15,25848,44039,27.81
2021-11-26,6865.0,6865.0,6616.15,6648.3,6660.0,6849.8,6717.73,171743,11537.23,27252,49039,28.55
2021-11-29,6530.0,6792.0,6392.35,6748.55,6740.0,6648.3,6687.49,249304,16672.17,38772,56568,22.69
2021-11-30,6814.0,6949.95,6755.25,6809.7,6787.0,6748.55,6831.75,299419,20455.55,41534,117622,39.28
2021-12-01,6820.0,6929.75,6816.15,6912.2,6915.2,6809.7,6876.74,199325,13707.05,32427,92711,46.51
2021-12-02,6920.0,6977.8,6784.0,6948.75,6971.4,6912.2,6895.68,303243,20910.68,39174,102648,33.85
2021-12-03,6969.0,6999.0,6835.15,6848.85,6850.0,6948.75,6920.71,286743,19844.66,36289,140914,49.14
2021-12-06,6866.4,6866.4,6520.8,6556.05,6572.8,6848.85,6653.26,317321,21112.2,48545,137793,43.42
2021-12-07,6650.0,6684.95,6493.0,6556.4,6565.0,6556.05,6550.55,253149,16582.64,40652,98605,38.95
2021-12-08,6639.0,6720.0,6606.05,6647.8,6647.0,6556.4,6667.84,335995,22403.61,31486,177027,52.69
2021-12-09,6590.0,6674.7,6553.05,6606.1,6604.0,6647.8,6594.08,236607,15602.07,27140,125514,53.05
2021-12-10,6610.0,6629.95,6464.1,6613.2,6615.0,6606.1,6539.48,380321,24871.02,39816,161396,42.44
2021-12-13,6664.0,6891.5,6600.0,6770.6,6800.0,6613.2,6793.38,404491,27478.62,37649,125323,30.98
2021-12-14,6788.0,6788.0,6641.75,6670.05,6674.95,6770.6,6696.69,264969,17744.16,42217,123329,46.54
2021-12-15,6685.0,6714.4,6565.0,6675.65,6690.0,6670.05,6639.33,241189,16013.34,27084,123627,51.26
2021-12-16,6774.0,6850.0,6721.15,6839.55,6843.6,6675.65,6804.07,355537,24191.0,41089,92158,25.92
2021-12-17,6917.2,7129.3,6867.1,6978.3,6950.0,6839.55,6988.07,865305,60468.15,101572,221745,25.63
2021-12-20,6906.0,6937.45,6610.0,6736.05,6714.0,6978.3,6734.93,416395,28043.93,44652,146477,35.18
2021-12-21,6766.0,7032.3,6740.0,6976.45,6980.25,6736.05,6937.46,427382,29649.47,52897,127969,29.94
2021-12-22,7018.0,7197.9,7010.3,7126.0,7111.05,6976.45,7131.48,431510,30773.03,45773,90048,20.87
2021-12-23,7200.0,7203.6,6991.55,7033.5,7047.0,7126.0,7077.51,405769,28718.33,41647,152228,37.52
2021-12-24,7071.0,7185.0,7070.0,7166.55,7170.0,7033.5,7130.55,363446,25915.69,31664,103145,28.38
2021-12-27,7194.8,7225.0,7050.0,7181.25,7180.0,7166.55,7147.22,380141,27169.53,50469,108786,28.62
2021-12-28,7217.0,7300.0,7202.05,7271.95,7261.7,7181.25,7263.79,206301,14985.28,25396,58824,28.51
2021-12-29,7263.8,7293.7,7205.0,7263.1,7256.0,7271.95,7257.15,155943,11317.02,23842,56303,36.1
2021-12-30,7281.9,7347.65,7228.05,7292.5,7319.0,7263.1,7301.91,258400,18868.13,28794,107727,41.69
2021-12-31,7324.8,7362.0,7252.2,7332.0,7335.0,7292.5,7317.35,194116,14204.15,26267,70573,36.36
2022-01-03,7338.0,7570.0,7338.0,7532.85,7520.0,7332.0,7471.38,311684,23287.11,32617,118576,38.04
2022-01-04,7550.0,7588.8,7436.1,7561.75,7560.0,7532.85,7516.65,273052,20524.36,36594,72687,26.62
2022-01-05,7530.0,7549.45,7282.4,7317.1,7319.1,7561.75,7390.65,376964,27860.09,42249,196087,52.02
2022-01-06,7250.0,7269.85,7134.45,7191.25,7194.0,7317.1,7181.46,559885,40207.93,39984,318982,56.97
2022-01-07,7200.0,7280.0,7180.3,7205.45,7200.0,7191.25,7224.69,417838,30187.5,35444,233692,55.93
2022-01-10,7297.0,7315.9,7085.0,7103.55,7099.0,7205.45,7137.58,241841,17261.59,34529,110177,45.56
2022-01-11,7100.0,7235.0,7051.0,7174.15,7172.0,7103.55,7157.72,401888,28766.0,42590,221048,55.0
2022-01-12,7229.95,7229.95,7135.5,7170.75,7149.0,7174.15,7180.64,242957,17445.86,26333,137247,56.49
2022-01-13,7199.95,7240.0,7085.65,7132.6,7141.9,7170.75,7140.08,198001,14137.42,23940,101670,51.35
2022-01-14,7087.2,7141.95,7030.25,7078.35,7084.0,7132.6,7081.83,291638,20653.31,27781,148760,51.01
2022-01-17,7077.7,7127.8,6976.1,7103.0,7115.0,7078.35,7049.59,212781,15000.19,28320,99510,46.77
2022-01-18,7077.0,7158.8,6850.0,6869.5,6869.95,7103.0,7001.2,212064,14847.03,30092,99079,46.72
2022-01-19,6700.0,6738.0,6550.0,6697.05,6714.0,6869.5,6650.98,555061,36917.0,69307,225504,40.63
2022-01-20,6949.8,6982.25,6570.15,6606.45,6600.85,6697.05,6692.93,977600,65430.13,114273,282258,28.87
2022-01-21,6575.0,6589.9,6346.05,6393.8,6411.0,6606.45,6466.4,538820,34842.28,70928,244137,45.31
2022-01-24,6408.0,6495.0,5826.0,5969.1,5965.0,6393.8,6023.83,632383,38093.68,82347,267406,42.29
2022-01-25,5826.0,6067.45,5750.0,6034.15,6042.9,5969.1,5969.18,528975,31575.46,65085,189630,35.85
2022-01-27,6000.0,6000.0,5722.0,5745.7,5748.75,6034.15,5802.24,548141,31804.47,82092,296778,54.14
2022-01-28,5760.0,6094.0,5760.0,5911.55,5910.1,5745.7,5992.91,720772,43195.18,86138,274022,38.02
2022-01-31,6070.0,6320.0,6009.0,6270.35,6282.0,5911.55,6178.91,746524,46127.01,76571,275063,36.85
2022-02-01,6390.0,6432.3,6210.6,6295.4,6313.95,6270.35,6287.51,435210,27363.87,50955,193306,44.42
2022-02-02,6330.0,6421.95,6280.0,6396.75,6410.05,6295.4,6366.1,303718,19334.99,37004,132527,43.63
2022-02-03,6378.0,6378.0,6179.6,6198.3,6217.0,6396.75,6258.03,224304,14037.01,27738,91631,40.85
2022-02-04,6150.0,6300.0,6108.3,6282.0,6274.95,6198.3,6264.17,219167,13729.0,22534,72436,33.05
2022-02-07,6289.8,6330.0,6084.2,6127.65,6137.75,6282.0,6188.78,157433,9743.19,25633,57430,36.48
2022-02-08,6140.0,6220.0,6029.05,6143.95,6131.05,6127.65,6125.5,183679,11251.26,19124,70106,38.17
2022-02-09,6160.0,6319.85,6160.0,6290.7,6315.0,6143.95,6270.9,232924,14606.44,31281,121435,52.14
2022-02-10,6339.9,6340.0,6250.0,6317.4,6321.0,6290.7,6299.26,141271,8899.02,20218,62091,43.95
2022-02-11,6160.0,6201.8,5976.0,5999.85,6002.0,6317.4,6042.74,424193,25632.87,60749,221480,52.21
2022-02-14,5800.0,5992.6,5670.1,5885.35,5854.0,5999.85,5907.58,394155,23285.0,38347,161931,41.08
2022-02-15,5975.0,6110.0,5887.85,6102.65,6102.25,5885.35,6006.84,204594,12289.63,25769,43091,21.06
2022-02-16,6160.0,6161.0,5966.0,6002.9,5985.0,6102.65,6047.55,222936,13482.18,23541,107858,48.38
2022-02-17,6000.05,6020.0,5920.1,5934.2,5931.0,6002.9,5960.0,185919,11080.77,27665,82486,44.37
2022-02-18,5891.0,5948.0,5850.0,5860.65,5865.0,5934.2,5903.44,170126,10043.29,20853,72464,42.59
2022-02-21,5850.0,5920.0,5738.8,5861.3,5866.0,5860.65,5830.59,129520,7551.78,16869,27632,21.33
2022-02-22,5730.0,6015.0,5698.0,5991.05,5990.0,5861.3,5904.3,317699,18757.9,38647,131721,41.46
2022-02-23,6026.0,6073.3,5878.5,5911.8,5940.0,5991.05,5966.46,246058,14680.95,26817,122558,49.81
2022-02-24,5769.0,5787.25,5580.0,5600.95,5604.95,5911.8,5664.79,403007,22829.5,47837,210303,52.18
2022-02-25,5732.0,5805.0,5648.6,5715.3,5720.1,5600.95,5716.8,355116,20301.26,37073,167199,47.08
2022-02-28,5685.3,5867.0,5590.0,5849.8,5825.0,5715.3,5775.15,277884,16048.23,31598,129232,46.51
2022-03-02,5850.0,5879.0,5755.2,5861.3,5870.0,5849.8,5836.98,221723,12941.92,29416,114689,51.73
2022-03-03,5966.0,6039.0,5885.0,6016.5,6021.0,5861.3,5973.31,419327,25047.72,37915,239083,57.02
2022-03-04,5980.0,6279.0,5912.6,6108.65,6100.0,6016.5,6131.34,549363,33683.34,66103,139988,25.48
2022-03-07,6010.0,6244.95,5948.75,6212.75,6210.0,6108.65,6144.4,378431,23252.33,45289,124661,32.94
2022-03-08,6191.0,6457.2,6165.0,6437.75,6426.75,6212.75,6360.89,388105,24686.95,48871,132476,34.13
2022-03-09,6522.0,6524.8,6356.9,6374.55,6364.0,6437.75,6445.49,289547,18662.71,37668,124860,43.12
2022-03-10,6475.0,6475.0,6235.0,6285.6,6276.0,6374.55,6301.22,458366,28882.65,38944,223010,48.65
2022-03-11,6250.0,6267.0,6105.0,6224.2,6244.95,6285.6,6204.31,281687,17476.74,29762,123645,43.89
2022-03-14,6230.0,6299.95,6200.35,6272.35,6275.0,6224.2,6269.87,229657,14399.19,23044,113398,49.38
2022-03-15,6260.0,6299.0,6002.0,6037.8,6045.0,6272.35,6098.86,435081,26534.97,65530,219585,50.47
2022-03-16,6193.85,6193.85,6005.1,6025.7,6025.0,6037.8,6048.4,340735,20609.0,35516,217414,63.81
2022-03-17,6099.95,6199.0,6030.0,6113.85,6134.65,6025.7,6114.05,651022,39803.81,55234,369072,56.69
2022-03-21,6189.9,6189.9,5977.5,5992.4,5998.0,6113.85,6059.82,355524,21544.11,41615,199132,56.01
2022-03-22,6000.0,6150.0,5960.05,6117.55,6105.0,5992.4,6082.27,249080,15149.72,30904,61053,24.51
2022-03-23,6147.0,6175.0,6055.0,6072.8,6061.0,6117.55,6118.7,162694,9954.77,19555,67831,41.69
2022-03-24,6069.9,6201.8,6050.0,6177.35,6189.0,6072.8,6125.4,293186,17958.82,24768,158121,53.93
2022-03-25,6212.0,6221.0,6100.0,6183.25,6170.0,6177.35,6167.05,182884,11278.55,25939,49172,26.89
2022-03-28,6183.2,6183.2,5921.35,6071.4,6076.35,6183.25,6044.59,268188,16210.86,39233,92659,34.55
2022-03-29,6100.0,6140.0,5992.45,6024.25,6036.0,6071.4,6036.47,207146,12504.31,25200,83575,40.35
2022-03-30,6090.0,6329.45,6061.45,6310.35,6280.1,6024.25,6221.06,440177,27383.7,43888,199795,45.39
2022-03-31,6315.0,6330.0,6140.0,6155.4,6155.0,6310.35,6227.99,284013,17688.31,34934,133380,46.96
2022-04-01,6148.95,6219.9,6080.0,6173.5,6175.0,6155.4,6158.74,306433,18872.41,28510,152278,49.69
2022-04-04,6211.0,6338.0,6195.05,6300.35,6300.0,6173.5,6292.51,234871,14779.28,34915,92106,39.22
2022-04-05,6375.0,6430.0,6301.55,6337.6,6359.95,6300.35,6371.37,331358,21112.03,45473,140353,42.36
2022-04-06,6330.0,6389.95,6246.15,6325.5,6313.0,6337.6,6329.31,283948,17971.94,35086,145936,51.4
2022-04-07,6265.0,6346.9,6190.0,6206.25,6216.0,6325.5,6243.83,238341,14881.62,44192,116549,48.9
2022-04-08,6216.0,6256.75,6091.0,6153.2,6145.0,6206.25,6146.25,281009,17271.51,43682,143832,51.18
2022-04-11,6153.0,6180.4,5980.0,6059.75,6063.0,6153.2,6048.22,362950,21952.01,37606,166315,45.82
2022-04-12,6000.0,6019.85,5801.0,5910.55,5888.0,6059.75,5901.28,450430,26581.13,63987,219017,48.62
2022-04-13,5915.0,6088.0,5851.0,6038.8,6080.0,5910.55,5962.1,310273,18498.78,26942,117636,37.91
2022-04-18,5901.0,6069.35,5801.2,5873.65,5889.95,6038.8,5920.31,744191,44058.43,83102,293100,39.39
2022-04-19,5899.0,5923.6,5365.4,5472.35,5385.0,5873.65,5641.64,1130004,63750.74,113403,352316,31.18
2022-04-20,5454.0,5459.95,5100.0,5170.3,5200.0,5472.35,5224.0,1681039,87817.43,164164,454067,27.01
2022-04-21,5249.9,5249.95,4991.2,5076.95,5072.0,5170.3,5078.11,2007738,101955.17,193164,857479,42.71
2022-04-22,5054.0,5194.0,5002.0,5093.85,5095.0,5076.95,5135.12,691316,35499.88,69998,190019,27.49
2022-04-25,5080.0,5080.0,4835.0,4856.05,4865.0,5093.85,4906.53,739432,36280.47,96365,258590,34.97
2022-04-26,4918.0,4930.15,4780.8,4817.1,4809.5,4856.05,4839.92,718852,34791.88,68281,266457,37.07
2022-04-27,4779.6,4855.0,4713.1,4816.95,4840.0,4817.1,4780.5,564255,26974.21,53077,210558,37.32
2022-04-28,4888.0,4974.0,4785.0,4886.05,4894.8,4816.95,4880.91,517809,25273.77,58219,167857,32.42
2022-04-29,4935.0,4955.0,4822.6,4839.05,4828.05,4886.05,4902.49,390073,19123.31,34650,108242,27.75
2022-05-02,4800.0,4800.0,4670.0,4716.65,4713.75,4839.05,4706.81,414490,19509.27,42463,152228,36.73
2022-05-04,4750.0,4811.05,4680.0,4738.15,4740.0,4716.65,4743.12,415254,19696.01,41296,151078,36.38
2022-05-05,4800.0,4823.95,4746.0,4765.2,4770.0,4738.15,4784.32,240462,11504.47,28398,72634,30.21
2022-05-06,4680.0,4704.05,4486.0,4593.0,4584.4,4765.2,4599.97,682606,31399.68,76162,185757,27.21
2022-05-09,4549.0,4746.9,4413.0,4448.9,4449.0,4593.0,4558.0,1042480,47516.23,113169,318798,30.58
2022-05-10,4480.0,4491.5,4318.0,4332.15,4322.0,4448.9,4407.73,590200,26014.4,73965,282349,47.84
2022-05-11,4332.15,4390.0,4105.7,4250.75,4264.0,4332.15,4240.08,717491,30422.18,69621,273176,38.07
2022-05-12,4188.0,4310.0,4082.0,4160.95,4169.0,4250.75,4174.92,655789,27378.67,59649,210875,32.16
2022-05-13,4225.0,4277.75,4088.15,4110.7,4099.0,4160.95,4172.24,574894,23985.93,56748,226121,39.33
2022-05-16,4125.0,4174.25,4054.2,4094.8,4108.0,4110.7,4102.46,488253,20030.38,44119,224650,46.01
2022-05-17,4105.0,4300.6,4100.0,4281.85,4296.5,4094.8,4224.25,792352,33470.94,70357,398640,50.31
2022-05-18,4325.0,4419.7,4174.55,4214.0,4217.0,4281.85,4289.04,935441,40121.46,87962,355070,37.96
2022-05-19,4090.0,4116.8,3960.0,3991.85,3993.0,4214.0,4012.84,776622,31164.56,84982,372332,47.94
2022-05-20,4080.0,4085.0,3983.25,4043.5,4040.1,3991.85,4032.01,494449,19936.25,40616,231575,46.83
2022-05-23,4052.0,4170.1,4010.85,4147.15,4151.0,4043.5,4127.01,437040,18036.7,37253,185341,42.41
2022-05-24,4160.0,4183.95,3988.3,4010.15,4012.0,4147.15,4024.58,491561,19783.26,59448,238222,48.46
2022-05-25,4000.0,4004.3,3805.0,3823.7,3831.0,4010.15,3853.01,717220,27634.58,71976,349703,48.76
2022-05-26,3850.0,3901.95,3733.3,3874.25,3899.95,3823.7,3816.32,480870,18351.54,48574,136040,28.29
2022-05-27,3950.0,4007.7,3892.05,3998.0,4002.75,3874.25,3958.19,461722,18275.84,42132,129888,28.13
2022-05-30,4080.0,4215.0,4051.05,4191.1,4200.0,3998.0,4171.38,586924,24482.81,57890,195639,33.33
2022-05-31,4209.8,4278.0,4138.45,4253.7,4265.0,4191.1,4242.58,687879,29183.81,47703,317440,46.15
2022-06-01,4274.85,4297.5,4180.0,4203.3,4213.95,4253.7,4250.69,540298,22966.42,50792,265250,49.09
2022-06-02,4178.0,4350.6,4169.9,4333.6,4340.5,4203.3,4309.63,662287,28542.14,60823,229100,34.59
2022-06-03,4380.0,4455.0,4315.5,4335.05,4325.0,4333.6,4392.74,634553,27874.23,45045,245687,38.72
2022-06-06,4318.7,4354.05,4216.0,4335.1,4340.0,4335.05,4284.01,322336,13808.91,29842,78909,24.48
2022-06-07,4300.0,4327.9,4230.0,4266.7,4260.0,4335.1,4270.1,218604,9334.6,20002,60907,27.86
2022-06-08,4289.0,4336.8,4232.0,4315.1,4305.0,4266.7,4299.93,266121,11443.01,20584,102041,38.34
2022-06-09,4275.0,4384.95,4242.65,4370.7,4365.0,4315.1,4336.82,318613,13817.67,26941,122967,38.59
2022-06-10,4310.0,4351.25,4265.0,4331.45,4330.0,4370.7,4315.25,266771,11511.83,23564,110360,41.37
2022-06-13,4138.85,4217.05,4074.1,4086.9,4105.0,4331.45,4126.39,430669,17771.08,36511,176875,41.07
2022-06-14,4020.0,4209.95,4020.0,4191.2,4173.0,4086.9,4176.23,553323,23108.07,43929,183550,33.17
2022-06-15,4216.0,4242.95,4165.3,4201.85,4190.0,4191.2,4198.73,202139,8487.28,18361,81126,40.13
2022-06-16,4380.0,4380.0,4035.2,4061.3,4054.0,4201.85,4158.14,519669,21608.55,42691,118353,22.77
2022-06-17,4025.0,4094.9,3962.3,4003.3,4015.9,4061.3,4017.04,355025,14261.48,34021,101819,28.68
2022-06-20,4037.0,4057.5,3900.0,3956.85,3974.95,4003.3,3955.69,260560,10306.95,34039,69677,26.74
2022-06-21,4002.0,4146.6,3980.1,4118.45,4125.0,3956.85,4097.45,309393,12677.23,28753,89015,28.77
2022-06-22,4115.0,4115.0,4005.6,4021.95,4015.0,4118.45,4042.84,237650,9607.8,29281,72837,30.65
2022-06-23,4050.0,4146.0,4015.05,4133.0,4139.35,4021.95,4077.18,274113,11176.09,31479,77149,28.14
2022-06-24,4194.95,4208.15,4007.0,4033.75,4033.0,4133.0,4060.95,368631,14969.93,41060,97666,26.49
2022-06-27,4133.7,4204.0,4092.95,4163.3,4158.0,4033.75,4163.61,312125,12995.68,28194,76960,24.66
2022-06-28,4117.2,4234.95,4076.0,4222.6,4224.0,4163.3,4148.57,299984,12445.04,28970,73845,24.62
2022-06-29,4160.0,4204.0,4065.25,4086.9,4077.25,4222.6,4133.63,386244,15965.9,33857,143734,37.21
2022-06-30,4088.0,4108.8,3961.0,3975.45,3969.7,4086.9,4032.25,374541,15102.43,39137,128045,34.19
2022-07-01,3945.0,4015.95,3905.25,4000.8,4000.65,3975.45,3971.19,268702,10670.68,27455,64076,23.85
2022-07-04,4020.05,4041.9,3930.0,3976.15,3979.95,4000.8,3972.64,201981,8023.99,21057,44920,22.24
2022-07-05,4012.5,4046.15,3950.0,3959.1,3953.6,3976.15,3994.44,274199,10952.7,30746,105684,38.54
2022-07-06,3960.0,4039.0,3959.0,4012.8,4027.0,3959.1,4002.2,319962,12805.51,33375,84933,26.54
2022-07-07,4060.0,4117.6,4011.9,4045.25,4045.0,4012.8,4070.74,408992,16649.0,35308,110407,26.99
2022-07-08,4089.95,4120.0,4030.05,4067.85,4066.4,4045.25,4069.56,280222,11403.81,30304,58006,20.7
2022-07-11,4005.0,4019.95,3890.0,3955.5,3952.0,4067.85,3939.93,478264,18843.26,49078,113654,23.76
2022-07-12,3939.9,4058.55,3924.05,3985.05,3983.0,3955.5,3999.65,472230,18887.57,41570,147335,31.2
2022-07-13,4024.9,4055.0,3956.0,4015.45,4015.45,3985.05,4009.88,420839,16875.15,35081,154237,36.65
2022-07-14,4080.0,4088.95,3833.15,3873.6,3895.0,4015.45,3892.9,763471,29721.17,72534,175749,23.02
2022-07-15,3873.6,4015.0,3846.0,3974.55,3972.0,3873.6,3949.69,1269258,50131.8,108843,304864,24.02
2022-07-18,4008.0,4238.35,4000.0,4215.75,4221.0,3974.55,4154.05,1112673,46221.02,74868,273669,24.6
2022-07-19,4185.0,4334.95,4157.6,4310.95,4310.8,4215.75,4291.75,1109853,47632.12,83698,275428,24.82
2022-07-20,4380.95,4460.0,4338.85,4444.65,4441.0,4310.95,4410.32,871377,38430.47,55690,245809,28.21
2022-07-21,4444.65,4538.0,4396.35,4529.95,4532.0,4444.65,4495.52,741668,33341.82,54391,203438,27.43
2022-07-22,4535.5,4559.9,4480.05,4504.8,4499.0,4529.95,4514.46,457298,20644.53,40063,106554,23.3
2022-07-25,4482.0,4530.1,4460.6,4500.8,4489.15,4504.8,4497.19,421761,18967.38,30981,134140,31.8
2022-07-26,4509.0,4511.0,4305.45,4313.9,4315.2,4500.8,4370.99,469178,20507.74,37729,170153,36.27
2022-07-27,4313.9,4424.95,4273.6,4412.9,4405.15,4313.9,4363.03,345740,15084.73,32239,85738,24.8
2022-07-28,4460.0,4660.05,4450.1,4649.1,4644.0,4412.9,4594.2,824934,37899.13,72509,275571,33.41
2022-07-29,4680.0,4835.0,4650.0,4730.75,4722.0,4649.1,4753.09,777901,36974.37,63934,214337,27.55
2022-08-01,4760.0,4803.25,4680.0,4769.05,4767.0,4730.75,4761.47,328694,15650.67,35066,102904,31.31
2022-08-02,4729.95,4742.5,4671.0,4691.0,4685.0,4769.05,4706.02,360188,16950.53,40408,142859,39.66
2022-08-03,4685.0,4822.0,4680.0,4785.95,4791.0,4691.0,4776.39,724743,34616.53,56916,207793,28.67
2022-08-04,4840.0,4915.45,4787.9,4905.25,4899.45,4785.95,4871.47,583827,28440.98,60543,143730,24.62
2022-08-05,4933.75,4958.65,4895.5,4925.35,4919.0,4905.25,4923.19,306170,15073.33,30547,86828,28.36
2022-08-10,4920.0,4929.0,4786.5,4856.6,4860.0,4900.2,4841.18,231234,11194.45,25786,56231,24.32
2022-08-11,4930.0,5046.0,4925.0,5001.5,4999.8,4856.6,4999.42,447931,22393.96,42055,131417,29.34
2022-08-12,5013.0,5013.0,4896.0,4911.4,4919.0,5001.5,4936.57,248304,12257.71,24996,78665,31.68
2022-08-16,4980.0,4983.5,4880.0,4887.0,4889.5,4911.4,4906.23,244252,11983.56,28115,93661,38.35
2022-08-17,4893.0,4999.0,4887.0,4961.05,4956.0,4887.0,4963.24,330123,16384.81,28650,113385,34.35
2022-08-18,4939.0,4939.0,4852.1,4924.15,4926.0,4961.05,4902.0,254556,12478.33,25609,61281,24.07
2022-08-19,4928.0,5019.95,4870.0,4892.7,4874.0,4924.15,4960.39,464374,23034.74,39927,119049,25.64
2022-08-22,4872.0,4873.95,4710.0,4721.7,4720.0,4892.7,4771.18,286006,13645.85,33802,97385,34.05
2022-08-23,4624.9,4710.0,4580.9,4664.8,4678.0,4721.7,4637.52,391813,18170.39,37679,93691,23.91
2022-08-24,4687.0,4706.0,4626.1,4658.4,4650.7,4664.8,4655.4,197958,9215.73,19689,48288,24.39
2022-08-25,4697.0,4724.95,4620.0,4631.7,4624.0,4658.4,4682.93,253146,11854.66,24112,71528,28.26
2022-08-26,4680.0,4747.45,4651.0,4658.95,4668.0,4631.7,4701.5,256985,12082.16,25038,56375,21.94
2022-08-29,4451.0,4540.0,4400.0,4471.85,4470.9,4658.95,4465.32,346911,15490.7,52643,103957,29.97
2022-08-30,4540.0,4660.65,4505.0,4641.7,4643.0,4471.85,4582.71,404437,18534.16,31070,136439,33.74
2022-09-01,4570.0,4600.0,4513.0,4533.85,4545.0,4641.7,4551.07,241724,11001.04,27570,74298,30.74
2022-09-02,4569.9,4599.0,4510.0,4522.0,4522.0,4533.85,4548.98,176676,8036.96,20969,49758,28.16
2022-09-05,4517.5,4573.5,4486.5,4496.5,4501.0,4522.0,4519.05,216426,9780.41,19452,85668,39.58
2022-09-06,4526.0,4544.85,4450.5,4461.1,4464.7,4496.5,4481.9,245531,11004.46,21243,107544,43.8
2022-09-07,4430.0,4526.0,4415.45,4510.25,4516.45,4461.1,4465.39,228545,10205.42,20516,67823,29.68
2022-09-08,4569.0,4572.95,4509.7,4523.45,4510.0,4510.25,4530.94,210685,9546.0,25433,77774,36.91
2022-09-09,4545.0,4699.95,4508.0,4673.6,4670.5,4523.45,4619.67,482895,22308.14,37106,153210,31.73
2022-09-12,4739.0,4838.0,4707.55,4812.1,4807.0,4673.6,4798.57,755745,36264.97,52544,297000,39.3
2022-09-13,4845.2,4850.0,4746.05,4777.9,4776.5,4812.1,4783.57,313539,14998.36,26566,112673,35.94
2022-09-14,4608.0,4642.2,4545.0,4618.35,4619.95,4777.9,4612.23,568515,26221.21,50825,193813,34.09
2022-09-15,4630.0,4664.5,4534.0,4596.45,4590.3,4618.35,4581.07,304309,13940.62,27123,83872,27.56
2022-09-16,4570.0,4570.0,4352.7,4379.5,4378.05,4596.45,4443.72,516498,22951.74,57362,220797,42.75
2022-09-19,4388.0,4390.0,4261.35,4354.2,4355.0,4379.5,4334.17,332316,14403.14,37781,74829,22.52
2022-09-20,4400.0,4496.25,4390.6,4405.75,4397.0,4354.2,4446.23,311399,13845.51,32977,79682,25.59
2022-09-21,4385.0,4477.0,4369.7,4410.9,4411.05,4405.75,4432.86,283595,12571.36,25807,79294,27.96
2022-09-22,4375.0,4465.0,4362.0,4431.8,4432.0,4410.9,4425.73,331517,14672.06,26394,107341,32.38
2022-09-23,4411.0,4520.0,4402.0,4417.9,4420.0,4431.8,4463.66,346327,15458.86,29948,90517,26.14
2022-09-26,4377.0,4485.0,4284.45,4410.9,4403.0,4417.9,4387.94,337094,14791.5,29937,61518,18.25
2022-09-27,4433.0,4542.0,4377.0,4513.05,4528.0,4410.9,4468.01,353988,15816.2,29833,77088,21.78
2022-09-28,4499.0,4563.0,4460.15,4526.15,4475.0,4513.05,4530.42,374946,16986.62,28814,192523,51.35
2022-09-29,4550.0,4596.65,4387.5,4440.25,4470.05,4526.15,4458.71,466182,20785.69,39230,166450,35.7
2022-09-30,4420.0,4479.8,4312.6,4457.85,4460.6,4440.25,4387.51,410491,18010.35,31998,124795,30.4
2022-10-03,4457.0,4500.0,4378.0,4450.7,4450.0,4457.85,4440.12,243677,10819.56,21039,60061,24.65
2022-10-04,4535.0,4597.5,4499.0,4588.1,4583.95,4450.7,4565.53,282151,12881.68,24123,80191,28.42
2022-10-06,4615.0,4678.75,4610.5,4666.3,4658.0,4588.1,4652.01,277078,12889.7,25778,84263,30.41
2022-10-07,4670.0,4684.9,4608.0,4645.25,4632.25,4666.3,4645.5,205622,9552.17,22231,61731,30.02
2022-10-10,4570.0,4714.95,4545.8,4697.5,4705.35,4645.25,4651.57,236016,10978.45,24287,64750,27.43
2022-10-11,4727.0,4756.9,4581.35,4604.7,4586.05,4697.5,4694.72,332326,15601.77,28708,123590,37.19
2022-10-12,4608.1,4654.5,4555.95,4642.3,4646.0,4604.7,4617.2,272767,12594.21,22061,118093,43.29
2022-10-13,4615.0,4640.05,4560.5,4596.8,4590.0,4642.3,4595.15,286696,13174.1,16254,159180,55.52
2022-10-14,4730.0,4816.0,4630.0,4668.55,4688.4,4596.8,4730.74,837508,39620.3,60311,273589,32.67
2022-10-17,4689.95,4689.95,4576.0,4641.85,4651.5,4668.55,4628.17,290860,13461.48,24117,57776,19.86
2022-10-18,4694.0,4787.8,4672.0,4722.4,4725.0,4641.85,4728.21,317650,15019.16,26138,88871,27.98
2022-10-19,4740.7,4740.7,4668.0,4694.6,4689.0,4722.4,4697.58,151545,7118.95,15080,40717,26.87
2022-10-20,4694.0,4767.0,4660.05,4758.6,4744.05,4694.6,4718.1,213951,10094.43,18449,94901,44.36
2022-10-21,4745.2,4780.05,4721.8,4765.25,4749.0,4758.6,4754.98,163643,7781.19,13455,61269,37.44
2022-10-24,4798.95,4798.95,4717.25,4738.3,4732.95,4765.25,4754.71,27128,1289.86,4244,11057,40.76
2022-10-25,4748.0,4820.0,4715.0,4809.7,4813.55,4738.3,4793.98,223452,10712.24,18818,88905,39.79
2022-10-27,4771.15,4799.85,4653.05,4676.25,4675.0,4809.7,4704.8,327850,15424.7,25863,159450,48.64
2022-10-28,4676.25,4693.95,4555.2,4584.15,4580.0,4676.25,4590.52,279801,12844.33,26590,156738,56.02
2022-10-31,4630.0,4750.0,4625.15,4739.85,4737.0,4584.15,4716.17,284185,13402.64,26677,91982,32.37
2022-11-01,4735.05,4855.0,4735.05,4845.65,4848.0,4739.85,4798.48,271134,13010.31,23217,123775,45.65
2022-11-02,4845.0,4868.0,4790.5,4859.85,4859.0,4845.65,4842.15,172526,8353.96,18102,55185,31.99
2022-11-03,4797.9,4845.95,4775.55,4839.0,4836.25,4859.85,4823.38,123015,5933.48,13549,33869,27.53
2022-11-04,4815.0,4832.7,4750.55,4806.9,4811.0,4839.0,4779.79,210847,10078.05,17219,97519,46.25
2022-11-07,4830.95,4874.15,4792.65,4860.45,4864.95,4806.9,4840.63,161003,7793.56,14616,70596,43.85
2022-11-09,4850.2,4896.75,4801.65,4837.05,4823.0,4860.45,4851.56,222628,10800.93,18317,104045,46.73
2022-11-10,4788.45,4904.9,4788.45,4862.5,4850.0,4837.05,4869.78,307460,14972.61,22938,178144,57.94
2022-11-11,4972.0,5075.0,4930.1,5058.0,5057.5,4862.5,5040.01,771362,38876.7,59088,394148,51.1
2022-11-14,5096.0,5188.0,5076.0,5155.7,5161.0,5058.0,5150.17,664125,34203.59,70064,350446,52.77
2022-11-15,5210.0,5360.0,5096.0,5135.45,5128.0,5155.7,5204.21,1013747,52757.57,80453,162735,16.05
2022-11-16,5140.0,5218.65,5003.0,5048.05,5047.0,5135.45,5113.85,426335,21802.11,47343,108869,25.54
2022-11-17,5028.0,5028.0,4858.6,4930.0,4930.95,5048.05,4921.14,451474,22217.66,39459,163753,36.27
2022-11-18,4934.95,5024.0,4851.05,4895.9,4904.7,4930.0,4910.08,460492,22610.52,39032,173353,37.65
2022-11-21,4899.0,4899.0,4756.85,4766.85,4760.0,4895.9,4804.27,304871,14646.82,35816,105382,34.57
2022-11-22,4755.0,4799.0,4725.0,4756.15,4778.5,4766.85,4755.07,535654,25470.71,39997,290034,54.15
2022-11-23,4781.5,4817.4,4693.0,4742.05,4745.0,4756.15,4740.85,309325,14664.62,27618,97715,31.59
2022-11-24,4767.95,4985.0,4745.5,4945.55,4963.85,4742.05,4855.91,549567,26686.49,39017,213299,38.81
2022-11-25,4965.0,4971.95,4905.0,4938.3,4935.0,4945.55,4937.36,259072,12791.33,26337,62961,24.3
2022-11-28,4930.0,5014.45,4907.0,4941.3,4936.0,4938.3,4967.18,288290,14319.87,33905,100635,34.91
2022-11-29,4934.75,4961.8,4902.0,4912.15,4906.0,4941.3,4931.72,156295,7708.03,17132,59925,38.34
2022-11-30,4912.0,4938.0,4820.0,4838.55,4832.0,4912.15,4846.85,647389,31377.98,37476,468531,72.37
2022-12-01,4911.0,5077.95,4901.0,5010.45,5023.0,4838.55,4999.73,1343248,67158.73,100552,532289,39.63
2022-12-02,5024.0,5125.0,4970.0,5065.75,5062.0,5010.45,5050.47,783131,39551.76,65557,288176,36.8
